page_id,title_vi,english_title,dbpedia_uri,status,sameas_uri,dbpedia_label_en,dbpedia_is_country,checked_at,error
33,Thụy Điển,Sweden,http://dbpedia.org/resource/Sweden,verified,http://dbpedia.org/resource/Sweden,Sweden,True,2026-10-09T16:52:47.408314+00:00,
56,Lào,Laos,http://dbpedia.org/resource/Laos,verified,http://dbpedia.org/resource/Laos,Laos,True,2026-10-09T16:52:47.408314+00:00,
57,Hoa Kỳ,United States,http://dbpedia.org/resource/United_States,verified,http://dbpedia.org/resource/United_States,United States,True,2026-10-09T16:52:47.408314+00:00,
71,Iraq,Iraq,http://dbpedia.org/resource/Iraq,verified,http://dbpedia.org/resource/Iraq,Iraq,True,2026-10-09T16:52:47.408314+00:00,
81,Campuchia,Cambodia,http://dbpedia.org/resource/Cambodia,verified,http://dbpedia.org/resource/Cambodia,Cambodia,True,2026-10-09T16:52:47.408314+00:00,
741,Đức,Germany,http://dbpedia.org/resource/Germany,verified,http://dbpedia.org/resource/Germany,Germany,True,2026-10-09T16:52:47.408314+00:00,
797,Canada,Canada,http://dbpedia.org/resource/Canada,verified,http://dbpedia.org/resource/Canada,Canada,True,2026-10-09T16:52:47.408314+00:00,
856,Nga,Russia,http://dbpedia.org/resource/Russia,verified,http://dbpedia.org/resource/Russia,Russia,True,2026-10-09T16:52:47.408314+00:00,
1351,Bỉ,Belgium,http://dbpedia.org/resource/Belgium,verified,http://dbpedia.org/resource/Belgium,Belgium,True,2026-10-09T16:52:47.408314+00:00,
1529,Trung Quốc,China,http://dbpedia.org/resource/China,verified,http://dbpedia.org/resource/China,China,True,2026-10-09T16:52:47.408314+00:00,
2093,Hà Lan,Netherlands,http://dbpedia.org/resource/Netherlands,verified,http://dbpedia.org/resource/Netherlands,Netherlands,True,2026-10-09T16:52:47.408314+00:00,
2819,Áo,Austria,http://dbpedia.org/resource/Austria,verified,http://dbpedia.org/resource/Austria,Austria,True,2026-10-09T16:52:47.408314+00:00,
2849,Úc,Australia,http://dbpedia.org/resource/Australia,verified,http://dbpedia.org/resource/Australia,Australia,True,2026-10-09T16:52:47.408314+00:00,
2860,Pháp,France,http://dbpedia.org/resource/France,verified,http://dbpedia.org/resource/France,France,True,2026-10-09T16:52:47.408314+00:00,
3723,Israel,Israel,http://dbpedia.org/resource/Israel,verified,http://dbpedia.org/resource/Israel,Israel,True,2026-10-09T16:52:47.408314+00:00,
3724,Pakistan,Pakistan,http://dbpedia.org/resource/Pakistan,verified,http://dbpedia.org/resource/Pakistan,Pakistan,True,2026-10-09T16:52:47.408314+00:00,
4119,Séc,Czech Republic,http://dbpedia.org/resource/Czech_Republic,verified,http://dbpedia.org/resource/Czech_Republic,Czech Republic,True,2026-10-09T16:52:47.408314+00:00,
4862,Thái Lan,Thailand,http://dbpedia.org/resource/Thailand,verified,http://dbpedia.org/resource/Thailand,Thailand,True,2026-10-09T16:52:47.408314+00:00,
5185,Thụy Sĩ,Switzerland,http://dbpedia.org/resource/Switzerland,verified,http://dbpedia.org/resource/Switzerland,Switzerland,True,2026-10-09T16:52:47.408314+00:00,
5320,Slovakia,Slovakia,http://dbpedia.org/resource/Slovakia,verified,http://dbpedia.org/resource/Slovakia,Slovakia,True,2026-10-09T16:52:47.408314+00:00,
6267,Angola,Angola,http://dbpedia.org/resource/Angola,verified,http://dbpedia.org/resource/Angola,Angola,True,2026-10-09T16:52:47.408314+00:00,
6323,Ấn Độ,India,http://dbpedia.org/resource/India,verified,http://dbpedia.org/resource/India,India,True,2026-10-09T16:52:47.408314+00:00,
6719,Afghanistan,Afghanistan,http://dbpedia.org/resource/Afghanistan,verified,http://dbpedia.org/resource/Afghanistan,Afghanistan,True,2026-10-09T16:52:47.408314+00:00,
8685,México,Mexico,http://dbpedia.org/resource/Mexico,verified,http://dbpedia.org/resource/Mexico,Mexico,True,2026-10-09T16:52:47.408314+00:00,
8773,Bồ Đào Nha,Portugal,http://dbpedia.org/resource/Portugal,verified,http://dbpedia.org/resource/Portugal,Portugal,True,2026-10-09T16:52:47.408314+00:00,
10697,Litva,Lithuania,http://dbpedia.org/resource/Lithuania,verified,http://dbpedia.org/resource/Lithuania,Lithuania,True,2026-10-09T16:52:47.408314+00:00,
10698,Latvia,Latvia,http://dbpedia.org/resource/Latvia,verified,http://dbpedia.org/resource/Latvia,Latvia,True,2026-10-09T16:52:47.408314+00:00,
10699,Estonia,Estonia,http://dbpedia.org/resource/Estonia,verified,http://dbpedia.org/resource/Estonia,Estonia,True,2026-10-09T16:52:47.408314+00:00,
12586,Tây Ban Nha,Spain,http://dbpedia.org/resource/Spain,verified,http://dbpedia.org/resource/Spain,Spain,True,2026-10-09T16:52:47.408314+00:00,
13605,Hy Lạp,Greece,http://dbpedia.org/resource/Greece,verified,http://dbpedia.org/resource/Greece,Greece,True,2026-10-09T16:52:47.408314+00:00,
14921,Đan Mạch,Denmark,http://dbpedia.org/resource/Denmark,verified,http://dbpedia.org/resource/Denmark,Denmark,True,2026-10-09T16:52:47.408314+00:00,
15383,Hàn Quốc,South Korea,http://dbpedia.org/resource/South_Korea,verified,http://dbpedia.org/resource/South_Korea,South Korea,True,2026-10-09T16:52:47.408314+00:00,
15891,Thành Vatican,Vatican City,http://dbpedia.org/resource/Vatican_City,verified,http://dbpedia.org/resource/Vatican_City,Vatican City,True,2026-10-09T16:52:47.408314+00:00,
16790,Na Uy,Norway,http://dbpedia.org/resource/Norway,verified,http://dbpedia.org/resource/Norway,Norway,True,2026-10-09T16:52:47.408314+00:00,
17669,Cộng hòa Nam Phi,South Africa,http://dbpedia.org/resource/South_Africa,verified,http://dbpedia.org/resource/South_Africa,South Africa,True,2026-10-09T16:52:47.408314+00:00,
23315,Cộng hòa Ireland,Republic of Ireland,http://dbpedia.org/resource/Republic_of_Ireland,verified,http://dbpedia.org/resource/Republic_of_Ireland,Republic of Ireland,True,2026-10-09T16:52:47.408314+00:00,
24175,Indonesia,Indonesia,http://dbpedia.org/resource/Indonesia,verified,http://dbpedia.org/resource/Indonesia,Indonesia,True,2026-10-09T16:52:47.408314+00:00,
24176,Myanmar,Myanmar,http://dbpedia.org/resource/Myanmar,verified,http://dbpedia.org/resource/Myanmar,Myanmar,True,2026-10-09T16:52:47.408314+00:00,
24477,Singapore,Singapore,http://dbpedia.org/resource/Singapore,verified,http://dbpedia.org/resource/Singapore,Singapore,True,2026-10-09T16:52:47.408314+00:00,
25196,Ý,Italy,http://dbpedia.org/resource/Italy,verified,http://dbpedia.org/resource/Italy,Italy,True,2026-10-09T16:52:47.408314+00:00,
25197,Ukraina,Ukraine,http://dbpedia.org/resource/Ukraine,verified,http://dbpedia.org/resource/Ukraine,Ukraine,True,2026-10-09T16:52:47.408314+00:00,
25437,Phần Lan,Finland,http://dbpedia.org/resource/Finland,verified,http://dbpedia.org/resource/Finland,Finland,True,2026-10-09T16:52:47.408314+00:00,
25823,San Marino,San Marino,http://dbpedia.org/resource/San_Marino,verified,http://dbpedia.org/resource/San_Marino,San Marino,True,2026-10-09T16:52:47.408314+00:00,
26186,Ai Cập,Egypt,http://dbpedia.org/resource/Egypt,verified,http://dbpedia.org/resource/Egypt,Egypt,True,2026-10-09T16:52:47.408314+00:00,
27667,Brasil,Brazil,http://dbpedia.org/resource/Brazil,verified,http://dbpedia.org/resource/Brazil,Brazil,True,2026-10-09T16:52:47.408314+00:00,
27668,Argentina,Argentina,http://dbpedia.org/resource/Argentina,verified,http://dbpedia.org/resource/Argentina,Argentina,True,2026-10-09T16:52:47.408314+00:00,
27736,New Zealand,New Zealand,http://dbpedia.org/resource/New_Zealand,verified,http://dbpedia.org/resource/New_Zealand,New Zealand,True,2026-10-09T16:52:47.408314+00:00,
27737,Ghana,Ghana,http://dbpedia.org/resource/Ghana,verified,http://dbpedia.org/resource/Ghana,Ghana,True,2026-10-09T16:52:47.408314+00:00,
27738,Perú,Peru,http://dbpedia.org/resource/Peru,verified,http://dbpedia.org/resource/Peru,Peru,True,2026-10-09T16:52:47.408314+00:00,
28053,Belarus,Belarus,http://dbpedia.org/resource/Belarus,verified,http://dbpedia.org/resource/Belarus,Belarus,True,2026-10-09T16:52:47.408314+00:00,
28157,Ả Rập Xê Út,Saudi Arabia,http://dbpedia.org/resource/Saudi_Arabia,verified,http://dbpedia.org/resource/Saudi_Arabia,Saudi Arabia,True,2026-10-09T16:52:47.408314+00:00,
29498,Tanzania,Tanzania,http://dbpedia.org/resource/Tanzania,verified,http://dbpedia.org/resource/Tanzania,Tanzania,True,2026-10-09T16:52:47.408314+00:00,
29500,Mông Cổ,Mongolia,http://dbpedia.org/resource/Mongolia,verified,http://dbpedia.org/resource/Mongolia,Mongolia,True,2026-10-09T16:52:47.408314+00:00,
29600,Cuba,Cuba,http://dbpedia.org/resource/Cuba,verified,http://dbpedia.org/resource/Cuba,Cuba,True,2026-10-09T16:52:47.408314+00:00,
29821,Bờ Biển Ngà,Ivory Coast,http://dbpedia.org/resource/Ivory_Coast,verified,http://dbpedia.org/resource/Ivory_Coast,Ivory Coast,True,2026-10-09T16:52:47.408314+00:00,
29921,Mali,Mali,http://dbpedia.org/resource/Mali,verified,http://dbpedia.org/resource/Mali,Mali,True,2026-10-09T16:52:47.408314+00:00,
30160,Malaysia,Malaysia,http://dbpedia.org/resource/Malaysia,verified,http://dbpedia.org/resource/Malaysia,Malaysia,True,2026-10-09T16:52:47.408314+00:00,
30751,Luxembourg,Luxembourg,http://dbpedia.org/resource/Luxembourg,verified,http://dbpedia.org/resource/Luxembourg,Luxembourg,True,2026-10-09T16:52:47.408314+00:00,
30948,Mauritius,Mauritius,http://dbpedia.org/resource/Mauritius,verified,http://dbpedia.org/resource/Mauritius,Mauritius,True,2026-10-09T16:52:47.408314+00:00,
32562,Ba Lan,Poland,http://dbpedia.org/resource/Poland,verified,http://dbpedia.org/resource/Poland,Poland,True,2026-10-09T16:52:47.408314+00:00,
33743,Hungary,Hungary,http://dbpedia.org/resource/Hungary,verified,http://dbpedia.org/resource/Hungary,Hungary,True,2026-10-09T16:52:47.408314+00:00,
35811,Philippines,Philippines,http://dbpedia.org/resource/Philippines,verified,http://dbpedia.org/resource/Philippines,Philippines,True,2026-10-09T16:52:47.408314+00:00,
35825,Nigeria,Nigeria,http://dbpedia.org/resource/Nigeria,verified,http://dbpedia.org/resource/Nigeria,Nigeria,True,2026-10-09T16:52:47.408314+00:00,
35835,Liberia,Liberia,http://dbpedia.org/resource/Liberia,verified,http://dbpedia.org/resource/Liberia,Liberia,True,2026-10-09T16:52:47.408314+00:00,
35843,Sierra Leone,Sierra Leone,http://dbpedia.org/resource/Sierra_Leone,verified,http://dbpedia.org/resource/Sierra_Leone,Sierra Leone,True,2026-10-09T16:52:47.408314+00:00,
35862,Niger,Niger,http://dbpedia.org/resource/Niger,verified,http://dbpedia.org/resource/Niger,Niger,True,2026-10-09T16:52:47.408314+00:00,
36002,Đông Timor,Timor-Leste,http://dbpedia.org/resource/Timor-Leste,redirect_resolved,http://dbpedia.org/resource/East_Timor,East Timor,True,2026-10-09T16:52:47.408314+00:00,
36688,Iran,Iran,http://dbpedia.org/resource/Iran,verified,http://dbpedia.org/resource/Iran,Iran,True,2026-10-09T16:52:47.408314+00:00,
36696,Guinée,Guinea,http://dbpedia.org/resource/Guinea,verified,http://dbpedia.org/resource/Guinea,Guinea,True,2026-10-09T16:52:47.408314+00:00,
36702,Burkina Faso,Burkina Faso,http://dbpedia.org/resource/Burkina_Faso,verified,http://dbpedia.org/resource/Burkina_Faso,Burkina Faso,True,2026-10-09T16:52:47.408314+00:00,
36776,Nepal,Nepal,http://dbpedia.org/resource/Nepal,verified,http://dbpedia.org/resource/Nepal,Nepal,True,2026-10-09T16:52:47.408314+00:00,
36792,Bhutan,Bhutan,http://dbpedia.org/resource/Bhutan,verified,http://dbpedia.org/resource/Bhutan,Bhutan,True,2026-10-09T16:52:47.408314+00:00,
36911,Tchad,Chad,http://dbpedia.org/resource/Chad,verified,http://dbpedia.org/resource/Chad,Chad,True,2026-10-09T16:52:47.408314+00:00,
37121,Sudan,Sudan,http://dbpedia.org/resource/Sudan,verified,http://dbpedia.org/resource/Sudan,Sudan,True,2026-10-09T16:52:47.408314+00:00,
37520,Ethiopia,Ethiopia,http://dbpedia.org/resource/Ethiopia,verified,http://dbpedia.org/resource/Ethiopia,Ethiopia,True,2026-10-09T16:52:47.408314+00:00,
37558,Algérie,Algeria,http://dbpedia.org/resource/Algeria,verified,http://dbpedia.org/resource/Algeria,Algeria,True,2026-10-09T16:52:47.408314+00:00,
37560,Bénin,Benin,http://dbpedia.org/resource/Benin,verified,http://dbpedia.org/resource/Benin,Benin,True,2026-10-09T16:52:47.408314+00:00,
37561,Botswana,Botswana,http://dbpedia.org/resource/Botswana,verified,http://dbpedia.org/resource/Botswana,Botswana,True,2026-10-09T16:52:47.408314+00:00,
37563,Burundi,Burundi,http://dbpedia.org/resource/Burundi,verified,http://dbpedia.org/resource/Burundi,Burundi,True,2026-10-09T16:52:47.408314+00:00,
37564,Cabo Verde,Cape Verde,http://dbpedia.org/resource/Cape_Verde,verified,http://dbpedia.org/resource/Cape_Verde,Cape Verde,True,2026-10-09T16:52:47.408314+00:00,
37565,Cameroon,Cameroon,http://dbpedia.org/resource/Cameroon,verified,http://dbpedia.org/resource/Cameroon,Cameroon,True,2026-10-09T16:52:47.408314+00:00,
37566,Comoros,Comoros,http://dbpedia.org/resource/Comoros,verified,http://dbpedia.org/resource/Comoros,Comoros,True,2026-10-09T16:52:47.408314+00:00,
37567,Cộng hòa Congo,Republic of the Congo,http://dbpedia.org/resource/Republic_of_the_Congo,verified,http://dbpedia.org/resource/Republic_of_the_Congo,Republic of the Congo,True,2026-10-09T16:52:47.408314+00:00,
37568,Cộng hòa Dân chủ Congo,Democratic Republic of the Congo,http://dbpedia.org/resource/Democratic_Republic_of_the_Congo,verified,http://dbpedia.org/resource/Democratic_Republic_of_the_Congo,Democratic Republic of the Congo,True,2026-10-09T16:52:47.408314+00:00,
38039,Brunei,Brunei,http://dbpedia.org/resource/Brunei,verified,http://dbpedia.org/resource/Brunei,Brunei,True,2026-10-09T16:52:47.408314+00:00,
38170,Djibouti,Djibouti,http://dbpedia.org/resource/Djibouti,verified,http://dbpedia.org/resource/Djibouti,Djibouti,True,2026-10-09T16:52:47.408314+00:00,
38171,Eritrea,Eritrea,http://dbpedia.org/resource/Eritrea,verified,http://dbpedia.org/resource/Eritrea,Eritrea,True,2026-10-09T16:52:47.408314+00:00,
38172,Gabon,Gabon,http://dbpedia.org/resource/Gabon,verified,http://dbpedia.org/resource/Gabon,Gabon,True,2026-10-09T16:52:47.408314+00:00,
38173,Gambia,The Gambia,http://dbpedia.org/resource/The_Gambia,verified,http://dbpedia.org/resource/The_Gambia,The Gambia,True,2026-10-09T16:52:47.408314+00:00,
38174,Guiné-Bissau,Guinea-Bissau,http://dbpedia.org/resource/Guinea-Bissau,verified,http://dbpedia.org/resource/Guinea-Bissau,Guinea-Bissau,True,2026-10-09T16:52:47.408314+00:00,
38176,Guinea Xích Đạo,Equatorial Guinea,http://dbpedia.org/resource/Equatorial_Guinea,verified,http://dbpedia.org/resource/Equatorial_Guinea,Equatorial Guinea,True,2026-10-09T16:52:47.408314+00:00,
38179,Kenya,Kenya,http://dbpedia.org/resource/Kenya,verified,http://dbpedia.org/resource/Kenya,Kenya,True,2026-10-09T16:52:47.408314+00:00,
38181,Lesotho,Lesotho,http://dbpedia.org/resource/Lesotho,verified,http://dbpedia.org/resource/Lesotho,Lesotho,True,2026-10-09T16:52:47.408314+00:00,
38184,Libya,Libya,http://dbpedia.org/resource/Libya,verified,http://dbpedia.org/resource/Libya,Libya,True,2026-10-09T16:52:47.408314+00:00,
38186,Madagascar,Madagascar,http://dbpedia.org/resource/Madagascar,verified,http://dbpedia.org/resource/Madagascar,Madagascar,True,2026-10-09T16:52:47.408314+00:00,
38199,Malawi,Malawi,http://dbpedia.org/resource/Malawi,verified,http://dbpedia.org/resource/Malawi,Malawi,True,2026-10-09T16:52:47.408314+00:00,
38200,Maroc,Morocco,http://dbpedia.org/resource/Morocco,verified,http://dbpedia.org/resource/Morocco,Morocco,True,2026-10-09T16:52:47.408314+00:00,
38202,Mauritanie,Mauritania,http://dbpedia.org/resource/Mauritania,verified,http://dbpedia.org/resource/Mauritania,Mauritania,True,2026-10-09T16:52:47.408314+00:00,
38205,Mozambique,Mozambique,http://dbpedia.org/resource/Mozambique,verified,http://dbpedia.org/resource/Mozambique,Mozambique,True,2026-10-09T16:52:47.408314+00:00,
38206,Namibia,Namibia,http://dbpedia.org/resource/Namibia,verified,http://dbpedia.org/resource/Namibia,Namibia,True,2026-10-09T16:52:47.408314+00:00,
38207,Rwanda,Rwanda,http://dbpedia.org/resource/Rwanda,verified,http://dbpedia.org/resource/Rwanda,Rwanda,True,2026-10-09T16:52:47.408314+00:00,
38212,São Tomé và Príncipe,São Tomé and Príncipe,http://dbpedia.org/resource/São_Tomé_and_Príncipe,verified,http://dbpedia.org/resource/São_Tomé_and_Príncipe,São Tomé and Príncipe,True,2026-10-09T16:52:47.408314+00:00,
38215,Somalia,Somalia,http://dbpedia.org/resource/Somalia,verified,http://dbpedia.org/resource/Somalia,Somalia,True,2026-10-09T16:52:47.408314+00:00,
38216,Eswatini,Eswatini,http://dbpedia.org/resource/Eswatini,verified,http://dbpedia.org/resource/Eswatini,Eswatini,True,2026-10-09T16:52:47.408314+00:00,
38219,Cộng hòa Trung Phi,Central African Republic,http://dbpedia.org/resource/Central_African_Republic,verified,http://dbpedia.org/resource/Central_African_Republic,Central African Republic,True,2026-10-09T16:52:47.408314+00:00,
38220,Uganda,Uganda,http://dbpedia.org/resource/Uganda,verified,http://dbpedia.org/resource/Uganda,Uganda,True,2026-10-09T16:52:47.408314+00:00,
38222,Zambia,Zambia,http://dbpedia.org/resource/Zambia,verified,http://dbpedia.org/resource/Zambia,Zambia,True,2026-10-09T16:52:47.408314+00:00,
38290,Bolivia,Bolivia,http://dbpedia.org/resource/Bolivia,verified,http://dbpedia.org/resource/Bolivia,Bolivia,True,2026-10-09T16:52:47.408314+00:00,
38294,Chile,Chile,http://dbpedia.org/resource/Chile,verified,http://dbpedia.org/resource/Chile,Chile,True,2026-10-09T16:52:47.408314+00:00,
38296,Colombia,Colombia,http://dbpedia.org/resource/Colombia,verified,http://dbpedia.org/resource/Colombia,Colombia,True,2026-10-09T16:52:47.408314+00:00,
38297,Ecuador,Ecuador,http://dbpedia.org/resource/Ecuador,verified,http://dbpedia.org/resource/Ecuador,Ecuador,True,2026-10-09T16:52:47.408314+00:00,
38298,Guyana,Guyana,http://dbpedia.org/resource/Guyana,verified,http://dbpedia.org/resource/Guyana,Guyana,True,2026-10-09T16:52:47.408314+00:00,
38299,Panamá,Panama,http://dbpedia.org/resource/Panama,verified,http://dbpedia.org/resource/Panama,Panama,True,2026-10-09T16:52:47.408314+00:00,
38301,Paraguay,Paraguay,http://dbpedia.org/resource/Paraguay,verified,http://dbpedia.org/resource/Paraguay,Paraguay,True,2026-10-09T16:52:47.408314+00:00,
38302,Suriname,Suriname,http://dbpedia.org/resource/Suriname,verified,http://dbpedia.org/resource/Suriname,Suriname,True,2026-10-09T16:52:47.408314+00:00,
38303,Uruguay,Uruguay,http://dbpedia.org/resource/Uruguay,verified,http://dbpedia.org/resource/Uruguay,Uruguay,True,2026-10-09T16:52:47.408314+00:00,
38304,Venezuela,Venezuela,http://dbpedia.org/resource/Venezuela,verified,http://dbpedia.org/resource/Venezuela,Venezuela,True,2026-10-09T16:52:47.408314+00:00,
38308,Bahamas,The Bahamas,http://dbpedia.org/resource/The_Bahamas,verified,http://dbpedia.org/resource/The_Bahamas,The Bahamas,True,2026-10-09T16:52:47.408314+00:00,
38317,Costa Rica,Costa Rica,http://dbpedia.org/resource/Costa_Rica,verified,http://dbpedia.org/resource/Costa_Rica,Costa Rica,True,2026-10-09T16:52:47.408314+00:00,
38320,El Salvador,El Salvador,http://dbpedia.org/resource/El_Salvador,verified,http://dbpedia.org/resource/El_Salvador,El Salvador,True,2026-10-09T16:52:47.408314+00:00,
38323,Dominica,Dominica,http://dbpedia.org/resource/Dominica,verified,http://dbpedia.org/resource/Dominica,Dominica,True,2026-10-09T16:52:47.408314+00:00,
38324,Cộng hòa Dominica,Dominican Republic,http://dbpedia.org/resource/Dominican_Republic,verified,http://dbpedia.org/resource/Dominican_Republic,Dominican Republic,True,2026-10-09T16:52:47.408314+00:00,
38325,Grenada,Grenada,http://dbpedia.org/resource/Grenada,verified,http://dbpedia.org/resource/Grenada,Grenada,True,2026-10-09T16:52:47.408314+00:00,
38406,Guatemala,Guatemala,http://dbpedia.org/resource/Guatemala,verified,http://dbpedia.org/resource/Guatemala,Guatemala,True,2026-10-09T16:52:47.408314+00:00,
38422,Haiti,Haiti,http://dbpedia.org/resource/Haiti,verified,http://dbpedia.org/resource/Haiti,Haiti,True,2026-10-09T16:52:47.408314+00:00,
38757,Honduras,Honduras,http://dbpedia.org/resource/Honduras,verified,http://dbpedia.org/resource/Honduras,Honduras,True,2026-10-09T16:52:47.408314+00:00,
38758,Jamaica,Jamaica,http://dbpedia.org/resource/Jamaica,verified,http://dbpedia.org/resource/Jamaica,Jamaica,True,2026-10-09T16:52:47.408314+00:00,
38761,Nicaragua,Nicaragua,http://dbpedia.org/resource/Nicaragua,verified,http://dbpedia.org/resource/Nicaragua,Nicaragua,True,2026-10-09T16:52:47.408314+00:00,
38762,Azerbaijan,Azerbaijan,http://dbpedia.org/resource/Azerbaijan,verified,http://dbpedia.org/resource/Azerbaijan,Azerbaijan,True,2026-10-09T16:52:47.408314+00:00,
38765,Síp,Cyprus,http://dbpedia.org/resource/Cyprus,verified,http://dbpedia.org/resource/Cyprus,Cyprus,True,2026-10-09T16:52:47.408314+00:00,
38767,Bosna và Hercegovina,Bosnia and Herzegovina,http://dbpedia.org/resource/Bosnia_and_Herzegovina,verified,http://dbpedia.org/resource/Bosnia_and_Herzegovina,Bosnia and Herzegovina,True,2026-10-09T16:52:47.408314+00:00,
38771,Bulgaria,Bulgaria,http://dbpedia.org/resource/Bulgaria,verified,http://dbpedia.org/resource/Bulgaria,Bulgaria,True,2026-10-09T16:52:47.408314+00:00,
38772,Croatia,Croatia,http://dbpedia.org/resource/Croatia,verified,http://dbpedia.org/resource/Croatia,Croatia,True,2026-10-09T16:52:47.408314+00:00,
38776,Iceland,Iceland,http://dbpedia.org/resource/Iceland,verified,http://dbpedia.org/resource/Iceland,Iceland,True,2026-10-09T16:52:47.408314+00:00,
39312,Albania,Albania,http://dbpedia.org/resource/Albania,verified,http://dbpedia.org/resource/Albania,Albania,True,2026-10-09T16:52:47.408314+00:00,
39555,Liban,Lebanon,http://dbpedia.org/resource/Lebanon,verified,http://dbpedia.org/resource/Lebanon,Lebanon,True,2026-10-09T16:52:47.408314+00:00,
39559,Jordan,Jordan,http://dbpedia.org/resource/Jordan,verified,http://dbpedia.org/resource/Jordan,Jordan,True,2026-10-09T16:52:47.408314+00:00,
39560,Kuwait,Kuwait,http://dbpedia.org/resource/Kuwait,verified,http://dbpedia.org/resource/Kuwait,Kuwait,True,2026-10-09T16:52:47.408314+00:00,
39561,Oman,Oman,http://dbpedia.org/resource/Oman,verified,http://dbpedia.org/resource/Oman,Oman,True,2026-10-09T16:52:47.408314+00:00,
39562,Qatar,Qatar,http://dbpedia.org/resource/Qatar,verified,http://dbpedia.org/resource/Qatar,Qatar,True,2026-10-09T16:52:47.408314+00:00,
39564,Syria,Syria,http://dbpedia.org/resource/Syria,verified,http://dbpedia.org/resource/Syria,Syria,True,2026-10-09T16:52:47.408314+00:00,
39567,Thổ Nhĩ Kỳ,Turkey,http://dbpedia.org/resource/Turkey,verified,http://dbpedia.org/resource/Turkey,Turkey,True,2026-10-09T16:52:47.408314+00:00,
39568,Yemen,Yemen,http://dbpedia.org/resource/Yemen,verified,http://dbpedia.org/resource/Yemen,Yemen,True,2026-10-09T16:52:47.408314+00:00,
39575,Gruzia,Georgia (country),http://dbpedia.org/resource/Georgia_(country),verified,http://dbpedia.org/resource/Georgia_(country),Georgia (country),True,2026-10-09T16:52:47.408314+00:00,
39578,Armenia,Armenia,http://dbpedia.org/resource/Armenia,verified,http://dbpedia.org/resource/Armenia,Armenia,True,2026-10-09T16:52:47.408314+00:00,
39580,Bangladesh,Bangladesh,http://dbpedia.org/resource/Bangladesh,verified,http://dbpedia.org/resource/Bangladesh,Bangladesh,True,2026-10-09T16:52:47.408314+00:00,
39585,Maldives,Maldives,http://dbpedia.org/resource/Maldives,verified,http://dbpedia.org/resource/Maldives,Maldives,True,2026-10-09T16:52:47.408314+00:00,
39586,Sri Lanka,Sri Lanka,http://dbpedia.org/resource/Sri_Lanka,verified,http://dbpedia.org/resource/Sri_Lanka,Sri Lanka,True,2026-10-09T16:52:47.408314+00:00,
39589,Kazakhstan,Kazakhstan,http://dbpedia.org/resource/Kazakhstan,verified,http://dbpedia.org/resource/Kazakhstan,Kazakhstan,True,2026-10-09T16:52:47.408314+00:00,
39591,Kyrgyzstan,Kyrgyzstan,http://dbpedia.org/resource/Kyrgyzstan,verified,http://dbpedia.org/resource/Kyrgyzstan,Kyrgyzstan,True,2026-10-09T16:52:47.408314+00:00,
39596,Tajikistan,Tajikistan,http://dbpedia.org/resource/Tajikistan,verified,http://dbpedia.org/resource/Tajikistan,Tajikistan,True,2026-10-09T16:52:47.408314+00:00,
39598,Turkmenistan,Turkmenistan,http://dbpedia.org/resource/Turkmenistan,verified,http://dbpedia.org/resource/Turkmenistan,Turkmenistan,True,2026-10-09T16:52:47.408314+00:00,
39600,Uzbekistan,Uzbekistan,http://dbpedia.org/resource/Uzbekistan,verified,http://dbpedia.org/resource/Uzbekistan,Uzbekistan,True,2026-10-09T16:52:47.408314+00:00,
39605,Fiji,Fiji,http://dbpedia.org/resource/Fiji,verified,http://dbpedia.org/resource/Fiji,Fiji,True,2026-10-09T16:52:47.408314+00:00,
39608,Kiribati,Kiribati,http://dbpedia.org/resource/Kiribati,verified,http://dbpedia.org/resource/Kiribati,Kiribati,True,2026-10-09T16:52:47.408314+00:00,
40918,Malta,Malta,http://dbpedia.org/resource/Malta,verified,http://dbpedia.org/resource/Malta,Malta,True,2026-10-09T16:52:47.408314+00:00,
41492,Bahrain,Bahrain,http://dbpedia.org/resource/Bahrain,verified,http://dbpedia.org/resource/Bahrain,Bahrain,True,2026-10-09T16:52:47.408314+00:00,
41662,Các Tiểu vương quốc Ả Rập Thống nhất,United Arab Emirates,http://dbpedia.org/resource/United_Arab_Emirates,verified,http://dbpedia.org/resource/United_Arab_Emirates,United Arab Emirates,True,2026-10-09T16:52:47.408314+00:00,
42229,Trinidad và Tobago,Trinidad and Tobago,http://dbpedia.org/resource/Trinidad_and_Tobago,verified,http://dbpedia.org/resource/Trinidad_and_Tobago,Trinidad and Tobago,True,2026-10-09T16:52:47.408314+00:00,
42299,Vanuatu,Vanuatu,http://dbpedia.org/resource/Vanuatu,verified,http://dbpedia.org/resource/Vanuatu,Vanuatu,True,2026-10-09T16:52:47.408314+00:00,
42756,Liechtenstein,Liechtenstein,http://dbpedia.org/resource/Liechtenstein,verified,http://dbpedia.org/resource/Liechtenstein,Liechtenstein,True,2026-10-09T16:52:47.408314+00:00,
45377,Tunisia,Tunisia,http://dbpedia.org/resource/Tunisia,verified,http://dbpedia.org/resource/Tunisia,Tunisia,True,2026-10-09T16:52:47.408314+00:00,
45476,Togo,Togo,http://dbpedia.org/resource/Togo,verified,http://dbpedia.org/resource/Togo,Togo,True,2026-10-09T16:52:47.408314+00:00,
46247,Nauru,Nauru,http://dbpedia.org/resource/Nauru,verified,http://dbpedia.org/resource/Nauru,Nauru,True,2026-10-09T16:52:47.408314+00:00,
48219,Papua New Guinea,Papua New Guinea,http://dbpedia.org/resource/Papua_New_Guinea,verified,http://dbpedia.org/resource/Papua_New_Guinea,Papua New Guinea,True,2026-10-09T16:52:47.408314+00:00,
49103,Đài Loan,Taiwan,http://dbpedia.org/resource/Taiwan,verified,http://dbpedia.org/resource/Taiwan,Taiwan,True,2026-10-09T16:52:47.408314+00:00,
51249,Sénégal,Senegal,http://dbpedia.org/resource/Senegal,verified,http://dbpedia.org/resource/Senegal,Senegal,True,2026-10-09T16:52:47.408314+00:00,
54914,Barbados,Barbados,http://dbpedia.org/resource/Barbados,verified,http://dbpedia.org/resource/Barbados,Barbados,True,2026-10-09T16:52:47.408314+00:00,
56099,Montenegro,Montenegro,http://dbpedia.org/resource/Montenegro,verified,http://dbpedia.org/resource/Montenegro,Montenegro,True,2026-10-09T16:52:47.408314+00:00,
56760,Tonga,Tonga,http://dbpedia.org/resource/Tonga,verified,http://dbpedia.org/resource/Tonga,Tonga,True,2026-10-09T16:52:47.408314+00:00,
63966,România,Romania,http://dbpedia.org/resource/Romania,verified,http://dbpedia.org/resource/Romania,Romania,True,2026-10-09T16:52:47.408314+00:00,
73204,Monaco,Monaco,http://dbpedia.org/resource/Monaco,verified,http://dbpedia.org/resource/Monaco,Monaco,True,2026-10-09T16:52:47.408314+00:00,
87980,Serbia,Serbia,http://dbpedia.org/resource/Serbia,verified,http://dbpedia.org/resource/Serbia,Serbia,True,2026-10-09T16:52:47.408314+00:00,
89842,Slovenia,Slovenia,http://dbpedia.org/resource/Slovenia,verified,http://dbpedia.org/resource/Slovenia,Slovenia,True,2026-10-09T16:52:47.408314+00:00,
92303,Zimbabwe,Zimbabwe,http://dbpedia.org/resource/Zimbabwe,verified,http://dbpedia.org/resource/Zimbabwe,Zimbabwe,True,2026-10-09T16:52:47.408314+00:00,
92637,Belize,Belize,http://dbpedia.org/resource/Belize,verified,http://dbpedia.org/resource/Belize,Belize,True,2026-10-09T16:52:47.408314+00:00,
93918,Moldova,Moldova,http://dbpedia.org/resource/Moldova,verified,http://dbpedia.org/resource/Moldova,Moldova,True,2026-10-09T16:52:47.408314+00:00,
96096,Bắc Macedonia,North Macedonia,http://dbpedia.org/resource/North_Macedonia,verified,http://dbpedia.org/resource/North_Macedonia,North Macedonia,True,2026-10-09T16:52:47.408314+00:00,
96100,Andorra,Andorra,http://dbpedia.org/resource/Andorra,verified,http://dbpedia.org/resource/Andorra,Andorra,True,2026-10-09T16:52:47.408314+00:00,
106126,Antigua và Barbuda,Antigua and Barbuda,http://dbpedia.org/resource/Antigua_and_Barbuda,verified,http://dbpedia.org/resource/Antigua_and_Barbuda,Antigua and Barbuda,True,2026-10-09T16:52:47.408314+00:00,
120973,Seychelles,Seychelles,http://dbpedia.org/resource/Seychelles,verified,http://dbpedia.org/resource/Seychelles,Seychelles,True,2026-10-09T16:52:47.408314+00:00,
128575,Tuvalu,Tuvalu,http://dbpedia.org/resource/Tuvalu,verified,http://dbpedia.org/resource/Tuvalu,Tuvalu,True,2026-10-09T16:52:47.408314+00:00,
131067,Liên bang Micronesia,Federated States of Micronesia,http://dbpedia.org/resource/Federated_States_of_Micronesia,verified,http://dbpedia.org/resource/Federated_States_of_Micronesia,Federated States of Micronesia,True,2026-10-09T16:52:47.408314+00:00,
132698,Palau,Palau,http://dbpedia.org/resource/Palau,verified,http://dbpedia.org/resource/Palau,Palau,True,2026-10-09T16:52:47.408314+00:00,
133274,Samoa,Samoa,http://dbpedia.org/resource/Samoa,verified,http://dbpedia.org/resource/Samoa,Samoa,True,2026-10-09T16:52:47.408314+00:00,
135674,Saint Lucia,Saint Lucia,http://dbpedia.org/resource/Saint_Lucia,verified,http://dbpedia.org/resource/Saint_Lucia,Saint Lucia,True,2026-10-09T16:52:47.408314+00:00,
135867,Quần đảo Marshall,Marshall Islands,http://dbpedia.org/resource/Marshall_Islands,verified,http://dbpedia.org/resource/Marshall_Islands,Marshall Islands,True,2026-10-09T16:52:47.408314+00:00,
139754,Saint Vincent và Grenadines,Saint Vincent and the Grenadines,http://dbpedia.org/resource/Saint_Vincent_and_the_Grenadines,verified,http://dbpedia.org/resource/Saint_Vincent_and_the_Grenadines,Saint Vincent and the Grenadines,True,2026-10-09T16:52:47.408314+00:00,
139860,Quần đảo Solomon,Solomon Islands,http://dbpedia.org/resource/Solomon_Islands,verified,http://dbpedia.org/resource/Solomon_Islands,Solomon Islands,True,2026-10-09T16:52:47.408314+00:00,
139934,Saint Kitts và Nevis,Saint Kitts and Nevis,http://dbpedia.org/resource/Saint_Kitts_and_Nevis,verified,http://dbpedia.org/resource/Saint_Kitts_and_Nevis,Saint Kitts and Nevis,True,2026-10-09T16:52:47.408314+00:00,
143481,Kosovo,Kosovo,http://dbpedia.org/resource/Kosovo,verified,http://dbpedia.org/resource/Kosovo,Kosovo,True,2026-10-09T16:52:47.408314+00:00,
151863,Việt Nam,Vietnam,http://dbpedia.org/resource/Vietnam,verified,http://dbpedia.org/resource/Vietnam,Vietnam,True,2026-10-09T16:52:47.408314+00:00,
348832,Nhà nước Palestine,Palestine,http://dbpedia.org/resource/Palestine,disambiguation,,,False,2026-10-09T16:52:47.408314+00:00,
362397,Nhật Bản,Japan,http://dbpedia.org/resource/Japan,verified,http://dbpedia.org/resource/Japan,Japan,True,2026-10-09T16:52:47.408314+00:00,
372816,Cộng hòa Dân chủ Nhân dân Triều Tiên,North Korea,http://dbpedia.org/resource/North_Korea,verified,http://dbpedia.org/resource/North_Korea,North Korea,True,2026-10-09T16:52:47.408314+00:00,
577821,Vương quốc Liên hiệp Anh và Bắc Ireland,United Kingdom,http://dbpedia.org/resource/United_Kingdom,verified,http://dbpedia.org/resource/United_Kingdom,United Kingdom,True,2026-10-09T16:52:47.408314+00:00,
588637,Nam Sudan,South Sudan,http://dbpedia.org/resource/South_Sudan,verified,http://dbpedia.org/resource/South_Sudan,South Sudan,True,2026-10-09T16:52:47.408314+00:00,
