field,available_count,missing_count,coverage_percentage,value_coverage_percentage,source_available_count,source_missing_count,source_unknown_count,source_coverage_percentage,explicit_none_count
title_vi,197,0,100.0,100.0,,,,,
abstract_vi,197,0,100.0,100.0,,,,,
capital,195,2,98.98,98.98,197,0,0,100.0,2
population_total,191,6,96.95,96.95,196,1,0,99.49,0
area_km2,195,2,98.98,98.98,196,1,0,99.49,0
currencies,193,4,97.97,97.97,195,2,0,98.98,0
official_languages,184,13,93.4,93.4,194,3,0,98.48,5
calling_codes,195,2,98.98,98.98,195,2,0,98.98,0
wikidata_id,197,0,100.0,100.0,,,,,
english_title,197,0,100.0,100.0,,,,,
