page_id,title_vi,source_url,wikidata_id,english_title,english_wikipedia_url,english_dbpedia_candidate,review_status,notes
46247,Nauru,https://vi.wikipedia.org/wiki/Nauru,Q697,Nauru,https://en.wikipedia.org/wiki/Nauru,http://dbpedia.org/resource/Nauru,,
12586,Tây Ban Nha,https://vi.wikipedia.org/wiki/T%C3%A2y_Ban_Nha,Q29,Spain,https://en.wikipedia.org/wiki/Spain,http://dbpedia.org/resource/Spain,,
797,Canada,https://vi.wikipedia.org/wiki/Canada,Q16,Canada,https://en.wikipedia.org/wiki/Canada,http://dbpedia.org/resource/Canada,,
139934,Saint Kitts và Nevis,https://vi.wikipedia.org/wiki/Saint_Kitts_v%C3%A0_Nevis,Q763,Saint Kitts and Nevis,https://en.wikipedia.org/wiki/Saint_Kitts_and_Nevis,http://dbpedia.org/resource/Saint_Kitts_and_Nevis,,
36776,Nepal,https://vi.wikipedia.org/wiki/Nepal,Q837,Nepal,https://en.wikipedia.org/wiki/Nepal,http://dbpedia.org/resource/Nepal,,
35825,Nigeria,https://vi.wikipedia.org/wiki/Nigeria,Q1033,Nigeria,https://en.wikipedia.org/wiki/Nigeria,http://dbpedia.org/resource/Nigeria,,
30751,Luxembourg,https://vi.wikipedia.org/wiki/Luxembourg,Q32,Luxembourg,https://en.wikipedia.org/wiki/Luxembourg,http://dbpedia.org/resource/Luxembourg,,
23315,Cộng hòa Ireland,https://vi.wikipedia.org/wiki/C%E1%BB%99ng_h%C3%B2a_Ireland,Q27,Republic of Ireland,https://en.wikipedia.org/wiki/Republic_of_Ireland,http://dbpedia.org/resource/Republic_of_Ireland,,
139860,Quần đảo Solomon,https://vi.wikipedia.org/wiki/Qu%E1%BA%A7n_%C4%91%E1%BA%A3o_Solomon,Q685,Solomon Islands,https://en.wikipedia.org/wiki/Solomon_Islands,http://dbpedia.org/resource/Solomon_Islands,,
10698,Latvia,https://vi.wikipedia.org/wiki/Latvia,Q211,Latvia,https://en.wikipedia.org/wiki/Latvia,http://dbpedia.org/resource/Latvia,,
89842,Slovenia,https://vi.wikipedia.org/wiki/Slovenia,Q215,Slovenia,https://en.wikipedia.org/wiki/Slovenia,http://dbpedia.org/resource/Slovenia,,
39562,Qatar,https://vi.wikipedia.org/wiki/Qatar,Q846,Qatar,https://en.wikipedia.org/wiki/Qatar,http://dbpedia.org/resource/Qatar,,
6719,Afghanistan,https://vi.wikipedia.org/wiki/Afghanistan,Q889,Afghanistan,https://en.wikipedia.org/wiki/Afghanistan,http://dbpedia.org/resource/Afghanistan,,
39598,Turkmenistan,https://vi.wikipedia.org/wiki/Turkmenistan,Q874,Turkmenistan,https://en.wikipedia.org/wiki/Turkmenistan,http://dbpedia.org/resource/Turkmenistan,,
38294,Chile,https://vi.wikipedia.org/wiki/Chile,Q298,Chile,https://en.wikipedia.org/wiki/Chile,http://dbpedia.org/resource/Chile,,
1351,Bỉ,https://vi.wikipedia.org/wiki/B%E1%BB%89,Q31,Belgium,https://en.wikipedia.org/wiki/Belgium,http://dbpedia.org/resource/Belgium,,
856,Nga,https://vi.wikipedia.org/wiki/Nga,Q159,Russia,https://en.wikipedia.org/wiki/Russia,http://dbpedia.org/resource/Russia,,
8685,México,https://vi.wikipedia.org/wiki/M%C3%A9xico,Q96,Mexico,https://en.wikipedia.org/wiki/Mexico,http://dbpedia.org/resource/Mexico,,
29921,Mali,https://vi.wikipedia.org/wiki/Mali,Q912,Mali,https://en.wikipedia.org/wiki/Mali,http://dbpedia.org/resource/Mali,,
32562,Ba Lan,https://vi.wikipedia.org/wiki/Ba_Lan,Q36,Poland,https://en.wikipedia.org/wiki/Poland,http://dbpedia.org/resource/Poland,,
