country_title,template_name,raw_key,normalized_key,raw_value
Việt Nam,Hộp thông tin quốc gia, conventional_long_name                ,conventional_long_name," Cộng hòa xã hội chủ nghĩa<br/>Việt Nam<!--LƯU Ý: Không thay đổi câu dẫn thành ""Xã hội"" do [[WP:TEN]]. Cảm ơn.-->
"
Việt Nam,Hộp thông tin quốc gia, common_name                ,common_name," Việt Nam
"
Việt Nam,Hộp thông tin quốc gia, linking_name                ,linking_name," Việt Nam
"
Việt Nam,Hộp thông tin quốc gia, image_flag                ,image_flag," Flag of Vietnam.svg
"
Việt Nam,Hộp thông tin quốc gia, image_coat                ,image_coat," Emblem of Vietnam.svg
"
Việt Nam,Hộp thông tin quốc gia, national_motto                ,national_motto," <br>""Độc lập – Tự do – Hạnh phúc""
"
Việt Nam,Hộp thông tin quốc gia, national_anthem                ,national_anthem," ""[[Tiến quân ca]]""<div class=""center"" style=""margin-top:0.4em;"">
[[Tập tin:Quoc ca Viet Nam.ogg|242px]]</div>
"
Việt Nam,Hộp thông tin quốc gia, image_map                ,image_map," {{Switcher|[[Tập tin:Vietnam (orthographic projection).svg|242px|frameless]]|Hiện Trái Đất|[[Tập tin:Location Vietnam ASEAN.svg|242px|upright=1.15|frameless]]|Hiện bản đồ ASEAN|default=1}}
"
Việt Nam,Hộp thông tin quốc gia, map_caption                ,map_caption," {{map caption|location_color=lục|region=[[ASEAN]]|region_color=lục|legend=Location Vietnam ASEAN.svg}}
"
Việt Nam,Hộp thông tin quốc gia, capital                ,capital," [[Tập_tin:Logo_Hanoi.png|22px]] [[Hà Nội]]
"
Việt Nam,Hộp thông tin quốc gia, coordinates                ,coordinates," {{coord|21|2|N|105|51|E|type:city}}
"
Việt Nam,Hộp thông tin quốc gia, largest_city                ,largest_city," [[Tập tin:Biểu trưng của TP HCM.svg|22px]] [[Thành phố Hồ Chí Minh]]
"
Việt Nam,Hộp thông tin quốc gia, official_languages                ,official_languages," [[Tiếng Việt]]{{efn|Hiến pháp Việt Nam 2013, điều 5.3<ref>{{chú thích web|url=http://www.chinhphu.vn/portal/page/portal/chinhphu/NuocCHXHCNVietNam/ThongTinTongHop?categoryId=920&articleId=10052990|title=CHƯƠNG I – CHẾ ĐỘ CHÍNH TRỊ – HIẾN PHÁP NƯỚC CỘNG HÒA XÃ HỘI CHỦ NGHĨA VIỆT NAM.|last=|first=|date=|website=CỔNG THÔNG TIN ĐIỆN TỬ CHÍNH PHỦ|archive-url=https://web.archive.org/web/20201214155716/http://chinhphu.vn/portal/page/portal/chinhphu/NuocCHXHCNVietNam/ThongTinTongHop?categoryId=920&articleId=10052990|archive-date = ngày 14 tháng 12 năm 2020 |url-status=|access-date=Ngày 10 tháng 9 năm 2019}}</ref>}}
"
Việt Nam,Hộp thông tin quốc gia, languages_type                ,languages_type," Ngôn ngữ thiểu số
"
Việt Nam,Hộp thông tin quốc gia, languages                ,languages," {{hlist|[[Tiếng Tày|Tày]]|[[Tiếng Thái|Thái]]|[[Tiếng Mường|Mường]]|[[Tiếng Hmong|Hmong]]|[[Tiếng Khmer|Khmer]]|''[[Ngôn ngữ tại Việt Nam|nhiều thứ tiếng khác]]...''}}
"
Việt Nam,Hộp thông tin quốc gia, demonym                ,demonym," [[Người Việt Nam]]
"
Việt Nam,Hộp thông tin quốc gia, ethnic_groups                ,ethnic_groups," {{vunblist
 | 85,32% [[người Kinh|Kinh]]
 | 1,92% [[người Tày|Tày]]
 | 1,89% [[người Thái|Thái]]
 | 1,51% [[người Mường|Mường]]
 | 1,45% [[người H'Mông|Hmông]]
 | 1,37% [[người Khmer|Khmer]]
 | 6,54% [[Các dân tộc tại Việt Nam|khác]]{{sfn|Tổng cục Thống kê Việt Nam|2019}}}}
"
Việt Nam,Hộp thông tin quốc gia, ethnic_groups_year                ,ethnic_groups_year," 2019
"
Việt Nam,Hộp thông tin quốc gia, religion                ,religion," {{ublist|73,7% [[không tôn giáo]]/[[Tín ngưỡng dân gian Việt Nam|tín ngưỡng dân gian]] |14,9% [[Phật giáo Việt Nam|Phật giáo]] |8,5% [[Kitô giáo tại Việt Nam|Kitô giáo]] |1,5% [[Phật giáo Hòa Hảo|Hòa Hảo]] |1,2% [[Đạo Cao Đài|Cao Đài]] |0,2% [[Tôn giáo tại Việt Nam|khác]]<ref>{{chú thích web|url=https://www.state.gov/reports/2019-report-on-international-religious-freedom/vietnam/|title=2019 Report on International Religious Freedom: Vietnam|website=[[U.S. Department of State]]}}</ref>{{cần nguồn tốt hơn|t=trích nguồn thống kê của nhà nước ấy}}}}
"
Việt Nam,Hộp thông tin quốc gia, religion_year                ,religion_year," 2019
"
Việt Nam,Hộp thông tin quốc gia, government_type                ,government_type," [[Nhà nước cộng sản|Nhà nước Marxist-Leninist]] [[nhà nước đơn nhất|đơn nhất]]
"
Việt Nam,Hộp thông tin quốc gia, leader_title1                ,leader_title1," [[Tổng Bí thư Ban Chấp hành Trung ương Đảng Cộng sản Việt Nam|Tổng Bí thư]] và [[Chủ tịch nước Việt Nam|Chủ tịch nước]]
"
Việt Nam,Hộp thông tin quốc gia, leader_name1                ,leader_name1," [[Tô Lâm]]
"
Việt Nam,Hộp thông tin quốc gia, leader_title2                ,leader_title2," [[Thủ tướng Việt Nam|Thủ tướng Chính phủ]]
"
Việt Nam,Hộp thông tin quốc gia, leader_name2                ,leader_name2," [[Lê Minh Hưng]]
"
Việt Nam,Hộp thông tin quốc gia, leader_title4                ,leader_title4," [[Chủ tịch Quốc hội Việt Nam|Chủ tịch Quốc hội]]
"
Việt Nam,Hộp thông tin quốc gia, leader_name4                ,leader_name4," [[Trần Thanh Mẫn]]
"
Việt Nam,Hộp thông tin quốc gia, leader_title5                ,leader_title5," [[Thường trực Ban Bí thư Trung ương Đảng Cộng sản Việt Nam|Thường trực Ban Bí thư]]
"
Việt Nam,Hộp thông tin quốc gia, leader_name5                ,leader_name5," [[Trần Cẩm Tú]]
"
Việt Nam,Hộp thông tin quốc gia, legislature                ,legislature," [[Quốc hội Việt Nam]]
"
Việt Nam,Hộp thông tin quốc gia, sovereignty_type                ,sovereignty_type," [[Lịch sử Việt Nam|Thành lập]]
"
Việt Nam,Hộp thông tin quốc gia, established_event1                ,established_event1," [[Âu Lạc|Nhà nước đầu tiên được xác nhận]]
"
Việt Nam,Hộp thông tin quốc gia, established_date1                ,established_date1," {{khoảng}} 257 TCN
"
Việt Nam,Hộp thông tin quốc gia, established_event2                ,established_event2," [[Nhà Ngô|Độc lập khỏi Trung Hoa]]
"
Việt Nam,Hộp thông tin quốc gia, established_date2                ,established_date2," 939
"
Việt Nam,Hộp thông tin quốc gia, established_event3                ,established_event3," [[Nhà Nguyễn|Thống nhất bởi nhà Nguyễn]]
"
Việt Nam,Hộp thông tin quốc gia, established_date3                ,established_date3," 1802
"
Việt Nam,Hộp thông tin quốc gia, established_event4                ,established_event4," [[Hòa ước Quý Mùi, 1883|Hiệp ước bảo hộ]]
"
Việt Nam,Hộp thông tin quốc gia, established_date4                ,established_date4," 25 tháng 8 năm 1883
"
Việt Nam,Hộp thông tin quốc gia, established_event5                ,established_event5," [[Tuyên ngôn độc lập (Việt Nam Dân chủ Cộng hòa)|Tuyên ngôn độc lập]]
"
Việt Nam,Hộp thông tin quốc gia, established_date5                ,established_date5," 2 tháng 9 năm 1945
"
Việt Nam,Hộp thông tin quốc gia, established_event6                ,established_event6," [[Hiệp định Genève|Chia cắt hai miền]]
"
Việt Nam,Hộp thông tin quốc gia, established_date6                ,established_date6," 21 tháng 7 năm 1954
"
Việt Nam,Hộp thông tin quốc gia, established_event7                ,established_event7," [[Hiệp định Paris]]
"
Việt Nam,Hộp thông tin quốc gia, established_date7                ,established_date7," 27 tháng 1 năm 1973
"
Việt Nam,Hộp thông tin quốc gia, established_event8                ,established_event8," [[Sự kiện 30 tháng 4 năm 1975|Kết thúc Chiến tranh Việt Nam]]
"
Việt Nam,Hộp thông tin quốc gia, established_date8                ,established_date8," 30 tháng 4 năm 1975
"
Việt Nam,Hộp thông tin quốc gia, established_event9                ,established_event9," [[Quốc hội Việt Nam khóa VI|Tái thống nhất]]
"
Việt Nam,Hộp thông tin quốc gia, established_date9                ,established_date9," 2 tháng 7 năm 1976
"
Việt Nam,Hộp thông tin quốc gia, established_event10                ,established_event10," [[Đổi Mới]]
"
Việt Nam,Hộp thông tin quốc gia, established_date10                ,established_date10," 18 tháng 12 năm 1986
"
Việt Nam,Hộp thông tin quốc gia, established_event11                ,established_event11," [[Hiến pháp nước Cộng hòa xã hội chủ nghĩa Việt Nam năm 2013|Hiến pháp hiện hành]]
"
Việt Nam,Hộp thông tin quốc gia, established_date11                ,established_date11," 28 tháng 11 năm 2013
"
Việt Nam,Hộp thông tin quốc gia, area_rank                ,area_rank," 66{{efn|theo [[Danh sách quốc gia theo diện tích]]}}
"
Việt Nam,Hộp thông tin quốc gia, area_km2                ,area_km2," 331212
"
Việt Nam,Hộp thông tin quốc gia, area_sq_mi                ,area_sq_mi," 128565
"
Việt Nam,Hộp thông tin quốc gia, area_label2                ,area_label2," Đất liền
"
Việt Nam,Hộp thông tin quốc gia, area_data2                ,area_data2," 331.212 [[Kilômét vuông|km{{smallsup|2}}]]<br/>127.882 [[Dặm vuông|mi{{smallsup|2}}]]
"
Việt Nam,Hộp thông tin quốc gia, area_footnote                ,area_footnote," <ref name=""area_2022"">{{cite act|index=3048/QĐ-BTNMT|title=Phê duyệt và công bố kết quả thống kê diện tích đất đai năm 2022|language=vi|trans-title=Approval and announcement of land area statistics for 2022|url=https://monre.gov.vn/VanBan/Lists/VanBanChiDao/Attachments/3012/3048-qd-btnmt_Signed.pdf|legislature=[[Bộ Tài nguyên và Môi trường]]|year= 2022|type=Quyết định}}{{Dead link|date=Tháng 4 năm 2024 |bot=InternetArchiveBot |fix-attempted=yes}}</ref>{{efn|Diện tích của Việt Nam được đề cập ở đây dựa trên số liệu thống kê diện tích đất đai do chính phủ Việt Nam cung cấp. Hiện cũng tồn tại các con số thay thế khác. Theo CIA World Factbook, tổng diện tích của Việt Nam là 331.210 ki-lô-mét vuông,<ref name=""Vietnam"">{{Chú thích web |title=Việt Nam |date=17 tháng 1 năm 2024 |work=The World Factbook |url=https://www.cia.gov/the-world-factbook/countries/vietnam/ |access-date=23 tháng 1 năm 2024 |publisher=[[Cơ quan Tình báo Trung ương]]|language=en |archive-date=10 tháng 6 năm 2021 |archive-url=https://web.archive.org/web/20210610173010/https://www.cia.gov/the-world-factbook/countries/vietnam/ |url-status=dead}}</ref> trong khi BBC trích dẫn một phép đo là 331.699 ki-lô-mét vuông.<ref name=""Vietnam country profile"">{{Chú thích web |title=Hồ sơ quốc gia Việt Nam |url=https://www.bbc.com/news/world-asia-pacific-16567315 |website=BBC News |access-date=27 tháng 1 năm 2021 |date=24 tháng 2 năm 2020 |archive-date=28 tháng 5 năm 2020 |archive-url=https://web.archive.org/web/20200528080124/https://www.bbc.com/news/world-asia-pacific-16567315 |url-status=live|language=en}}</ref>}}
"
Việt Nam,Hộp thông tin quốc gia, percent_water                ,percent_water," 6,4<ref name=""IndexMundi_Geography_2011"">{{Chú thích web |title=Vietnam Geography Profile 2018 |url=https://www.indexmundi.com/vietnam/geography_profile.html |website=IndexMundi |date=2011-07-12 |access-date=2026-05-13 |archive-url=https://web.archive.org/web/20190119170940/https://www.indexmundi.com/vietnam/geography_profile.html |archive-date=2019-01-19 |url-status=live |language=en}}</ref>
"
Việt Nam,Hộp thông tin quốc gia, population_estimate                ,population_estimate," 102.300.000<ref name=""gso-pop"">{{cite report |date=January 2026 |title=Infographic social-economic situation in the 4th quarter and 2025 |url=https://www.nso.gov.vn/en/data-and-statistics/2026/01/infographic-social-economic-situation-in-the-4th-quarter-and-2025/ |publisher=[[Cục Thống kê (Việt Nam)|Cục Thống kê]] |access-date=}}</ref>
"
Việt Nam,Hộp thông tin quốc gia, population_estimate_rank                ,population_estimate_rank," 16
"
Việt Nam,Hộp thông tin quốc gia, population_estimate_year                ,population_estimate_year," 2025
"
Việt Nam,Hộp thông tin quốc gia, population_density_km2                ,population_density_km2," 309
"
Việt Nam,Hộp thông tin quốc gia, population_density_sq_mi                ,population_density_sq_mi," 800,3
"
Việt Nam,Hộp thông tin quốc gia, GDP_PPP                ,gdp_ppp," {{increase}}
 2,025 nghìn tỷ đô la Mỹ<ref name=""IMFWEO.VN"" >{{Chú thích web |url=https://data.imf.org/en/Data-Explorer?datasetUrn=IMF.RES:WEO(9.0.0) |title=World Economic Outlook Database (April 2026 Edition) |publisher=[[Quỹ Tiền tệ Quốc tế]] |website=www.imf.org |date=14 April 2026 |access-date=19 April 2026}}</ref>
"
Việt Nam,Hộp thông tin quốc gia, GDP_PPP_rank                ,gdp_ppp_rank," 24
"
Việt Nam,Hộp thông tin quốc gia, GDP_PPP_year                ,gdp_ppp_year," 2026
"
Việt Nam,Hộp thông tin quốc gia, GDP_PPP_per_capita                ,gdp_ppp_per_capita," {{increase}} 19.649 đô la Mỹ<ref name=""IMFWEO.VN""/>
"
Việt Nam,Hộp thông tin quốc gia, GDP_PPP_per_capita_rank                ,gdp_ppp_per_capita_rank," 102
"
Việt Nam,Hộp thông tin quốc gia, GDP_nominal                ,gdp_nominal," {{increase}} 527,266 tỷ đô la Mỹ<ref name=""IMFWEO.VN""/>
"
Việt Nam,Hộp thông tin quốc gia, GDP_nominal_rank                ,gdp_nominal_rank," 33
"
Việt Nam,Hộp thông tin quốc gia, GDP_nominal_year                ,gdp_nominal_year," 2025
"
Việt Nam,Hộp thông tin quốc gia, GDP_nominal_per_capita                ,gdp_nominal_per_capita," {{increase}} 5.115 đô la Mỹ<ref name=""IMFWEO.VN""/>
"
Việt Nam,Hộp thông tin quốc gia, GDP_nominal_per_capita_rank                ,gdp_nominal_per_capita_rank," 121
"
Việt Nam,Hộp thông tin quốc gia, Gini                ,gini," 35
"
Việt Nam,Hộp thông tin quốc gia, Gini_year                ,gini_year," 2025
"
Việt Nam,Hộp thông tin quốc gia, Gini_ref                ,gini_ref," <ref>{{Chú thích web|url=https://www.statista.com/outlook/co/socioeconomic-indicators/vietnam|tiêu đề=Socioeconomic Indicators - Vietnam {{!}} Market Forecast|website=Statista|ngôn ngữ=en|ngày truy cập=2025-04-29}}</ref>
"
Việt Nam,Hộp thông tin quốc gia, HDI                ,hdi," 0,726
"
Việt Nam,Hộp thông tin quốc gia, HDI_year                ,hdi_year," 2023
"
Việt Nam,Hộp thông tin quốc gia, HDI_change                ,hdi_change," increase
"
Việt Nam,Hộp thông tin quốc gia, HDI_ref                ,hdi_ref," <ref name=""UNHDR"">{{Chú thích web |date=6 May 2025 |title=Human Development Report 2025 |url=https://hdr.undp.org/system/files/documents/global-report-document/hdr2025reporten.pdf|url-status=live |archive-url=https://web.archive.org/web/20250506051232/https://hdr.undp.org/system/files/documents/global-report-document/hdr2025reporten.pdf |archive-date=6 May 2025 |access-date=6 May 2025 |publisher=[[Chương trình Phát triển của Liên Hợp Quốc ]] |language=en}}</ref>
"
Việt Nam,Hộp thông tin quốc gia, HDI_rank                ,hdi_rank," 93
"
Việt Nam,Hộp thông tin quốc gia, currency                ,currency," [[Đồng (tiền)|Đồng]] (₫)
"
Việt Nam,Hộp thông tin quốc gia, currency_code                ,currency_code," VND
"
Việt Nam,Hộp thông tin quốc gia, time_zone                ,time_zone," [[UTC+07:00|Giờ Đông Dương]]
"
Việt Nam,Hộp thông tin quốc gia, utc_offset                ,utc_offset," +07:00
"
Việt Nam,Hộp thông tin quốc gia, iso3166code                ,iso3166code," VN
"
Việt Nam,Hộp thông tin quốc gia, date_format                ,date_format," dd.mm.yyyy
"
Việt Nam,Hộp thông tin quốc gia, cctld                ,cctld," [[.vn]]
"
Việt Nam,Hộp thông tin quốc gia, calling_code                ,calling_code," [[Mã điện thoại Việt Nam|+84]]
"
Việt Nam,Hộp thông tin quốc gia, electricity                ,electricity," [[Nguồn điện thương dụng|220 V – 50 Hz]]
"
Việt Nam,Hộp thông tin quốc gia, drives_on                ,drives_on," phải
"
Việt Nam,Hộp thông tin quốc gia, Languages type                ,languages_type," 
"
Nhật Bản,Infobox country, common_name                ,common_name," Nhật Bản
"
Nhật Bản,Infobox country, conventional_long_name                ,conventional_long_name," Nhật Bản Quốc
"
Nhật Bản,Infobox country, native_name                ,native_name," {{lang|ja|日本国}}<br /><small>{{transl|ja|''Nippon-koku • Nihon-koku''}}</small>
"
Nhật Bản,Infobox country, image_flag                ,image_flag," Flag of Japan.svg
"
Nhật Bản,Infobox country, alt_flag                ,alt_flag," Hình tròn màu đỏ nằm ở trung tâm một hình chữ nhật màu trắng.
"
Nhật Bản,Infobox country, linking_name                ,linking_name," Nhật Bản
"
Nhật Bản,Infobox country, image_coat                ,image_coat," Imperial Seal of Japan.svg
"
Nhật Bản,Infobox country, alt_coat                ,alt_coat," Hình tròn màu vàng được phân chia bởi các hình nêm màu vàng có các cạnh ngoài tròn cùng viền mỏng màu đen.
"
Nhật Bản,Infobox country, symbol_type                ,symbol_type," Hoàng gia huy
"
Nhật Bản,Infobox country, other_symbol_type                ,other_symbol_type," [[Quốc ấn Nhật Bản|Quốc ấn]]
"
Nhật Bản,Infobox country, other_symbol                ,other_symbol," {{unbulleted list |[[Tập tin:Gyomei kokuji.svg|100px|Triện dấu Văn phòng Thủ tướng và Chính phủ Nhật Bản]]}}
"
Nhật Bản,Infobox country, image_map                ,image_map," Japan (orthographic projection).svg
"
Nhật Bản,Infobox country, map_caption                ,map_caption," Vị trí của Nhật Bản (xanh lá) trên thế giới,<br />bao gồm [[quần đảo Kuril]] hiện đang tranh chấp với<br />[[Liên bang Nga]] (xanh nhạt).
"
Nhật Bản,Infobox country, image_map2                ,image_map2," Japan-location-cia.png
"
Nhật Bản,Infobox country, map_caption2                ,map_caption2," Lãnh thổ trên thực tế thuộc quyền kiểm soát<br />của Nhật Bản (nâu).
"
Nhật Bản,Infobox country, image_map3                ,image_map3," Japan - Location Map (2013) - JPN - UNOCHA.svg
"
Nhật Bản,Infobox country, national_anthem                ,national_anthem," {{vunblist|""[[Kimigayo]]""<br />{{lang|ja|君が代|italics=off}}<br />""Quân chi đại""<ref>{{chú thích web|title=Explore Japan National Flag and National Anthem|url=http://web-japan.org/kidsweb/explore/national/index.html|accessdate=January 29, 2017|archive-date=2018-12-25|archive-url=https://web.archive.org/web/20181225073506/https://web-japan.org/kidsweb/explore/national/index.html|url-status=live}}</ref><ref>{{chú thích web|title=National Symbols|url=http://www.japan-guide.com/e/e2270.html|accessdate =January 29, 2017|url-status=dead|archiveurl=https://web.archive.org/web/20170202040038/http://www.japan-guide.com/e/e2270.html|archive-date=February 2, 2017}}</ref>}} <div style=""display:inline-block;margin-top:0.4em;"">{{center|[[Tập tin:Kimi ga Yo instrumental.ogg|center]]}}</div>
"
Nhật Bản,Infobox country, languages_type                ,languages_type," [[Văn tự chính thức]]
"
Nhật Bản,Infobox country, languages                ,languages," [[Kana]], [[Kanji]]
"
Nhật Bản,Infobox country, official_languages                ,official_languages," Không có<ref>{{chú thích web |url=http://houseikyoku.sangiin.go.jp/column/column068.htm |script-title=ja:法制執務コラム集「法律と国語・日本語」 |publisher=Legislative Bureau of the House of Councillors |accessdate=ngày 19 tháng 1 năm 2009 |language=ja |archive-date=2018-12-25 |archive-url=https://web.archive.org/web/20181225073508/http://houseikyoku.sangiin.go.jp/column/column068.htm |url-status=live }}</ref>
"
Nhật Bản,Infobox country, recognised_national_languages                ,recognised_national_languages," [[Tiếng Nhật]]<ref>{{chú thích web|title=Literacy and Language Classes in Community Centers, Country Profile: Japan|url=http://www.unesco.org/uil/litbase/?menu=14&programme=131|accessdate=ngày 29 tháng 1 năm 2017|archive-date=2018-12-25|archive-url=https://web.archive.org/web/20181225073518/https://uil.unesco.org/literacy/effective-practices-database-litbase|url-status=live}}</ref>
"
Nhật Bản,Infobox country, religion                ,religion," {{ublist|51.82% [[Thần đạo]]<br />{{smaller|(hoặc [[shinbutsu-shūgō|thực hành cùng lúc hai tôn giáo trên]])}}|34.9% [[Phật giáo Nhật Bản|Phật giáo]]| 2% [[Kitô giáo tại Nhật Bản|Kitô giáo]]{{efn|Theo khảo sát của Dentsu năm 2006: 1% [[Tin lành]], 0,8% thành viên của [[Giáo hội Công giáo Roma|Công giáo La Mã]], và 0,5% thành viên của [[Chính thống giáo Đông phương]].<ref name=""Dentsu2006"">{{Chú thích |publisher=Dentsu Communication Institute, Japan Research Center |url=http://www2.ttcn.ne.jp/honkawa/9460.html |trans-title=Sixty Countries' Values Databook |title=世界60カ国価値観データブック |date=2000 |access-date=2020-12-19 |archive-date=2018-02-27 |archive-url=https://web.archive.org/web/20180227112501/http://www2.ttcn.ne.jp/honkawa/9460.html |url-status=live }}</ref>}}|0,5% [[Các giáo phái Shinto]]|11% khác}}
"
Nhật Bản,Infobox country, religion_year                ,religion_year," 2018
"
Nhật Bản,Infobox country, religion_ref                ,religion_ref," 
"
Nhật Bản,Infobox country, regional_languages                ,regional_languages," {{collapsible list
  |expand = yes
  |title = [[Ngôn ngữ tại Nhật Bản|11 ngôn ngữ]]<ref>{{chú thích web|url=https://www.ethnologue.com/country/JP/languages|title=Japan Languages|accessdate=ngày 29 tháng 1 năm 2017|language=en|archive-date=2018-12-25|archive-url=https://web.archive.org/web/20181225073513/https://www.ethnologue.com/country/JP/languages|url-status=live}}</ref>
  |[[Tiếng Ainu|Ainu Itak]]
  |[[Tiếng Amami Ōshima|Amami Ōshima]]
  |[[Tiếng Kikai|Kikai]]
  |[[Tiếng Kunigami|Kunigami]]
  |[[Tiếng Miyako|Miyako]]
  |[[Tiếng Okinawa|Okinawa]]
  |[[Tiếng Okinoerabu|Okinoerabu]]
  |[[Tiếng Tokunoshima|Tokunoshima]]
  |[[Tiếng Yaeyama|Yaeyama]]
  |[[Tiếng Yonaguni|Yonaguni]]
  |[[Tiếng Yoron|Yoron]]
}}
"
Nhật Bản,Infobox country, demonym                ,demonym," {{unbulleted list|[[Người Nhật Bản]]|{{transl|ja|''Nihonjin''}} {{langx|ja|{{nowrap|日本人}}|label=none}}}}
"
Nhật Bản,Infobox country, ethnic_groups                ,ethnic_groups," {{unbulleted list
  | 98,1% [[người Nhật|Nhật]]{{efn|Chính phủ Nhật Bản không thu thập dữ liệu về dân tộc; những con số này thay vào đó phản ánh nguồn gốc của cư dân nước ngoài. Xem [[Sắc tộc tại Nhật Bản]]}} |  0,5% [[Người Triều Tiên tại Nhật Bản|Triều Tiên]]
  |  0,4% [[Người Hoa tại Nhật Bản|Hoa]]
  |  1% khác
 }}
"
Nhật Bản,Infobox country, ethnic_groups_year                ,ethnic_groups_year," 2016
"
Nhật Bản,Infobox country, ethnic_groups_ref                ,ethnic_groups_ref," <ref name=""cia"">{{chú thích web|url=https://www.cia.gov/library/publications/the-world-factbook/geos/ja.html|title=CIA Factbook: Japan|work=[[The World Factbook]]|publisher=[[Cơ quan Tình báo Trung ương (Hoa Kỳ)|Cơ quan Tình báo Trung ương]]|accessdate =ngày 27 tháng 8 năm 2019|archive-date=ngày 26 tháng 12 năm 2018|archive-url=https://web.archive.org/web/20181226010157/https://www.cia.gov/library/publications/the-world-factbook/geos/ja.html%20|url-status=dead}}</ref>
"
Nhật Bản,Infobox country, capital                ,capital," [[Tokyo]]
"
Nhật Bản,Infobox country, largest_city                ,largest_city," [[Tập tin:PrefSymbol-Tokyo.svg|24px]] [[Tokyo]]<br />{{Coord|35|41|N|139|46|E|type:city}}
"
Nhật Bản,Infobox country, coordinates                ,coordinates," 
"
Nhật Bản,Infobox country, government_type                ,government_type," [[Quân chủ lập hiến]] [[Nhà nước đơn nhất|đơn nhất]]
"
Nhật Bản,Infobox country, leader_title1                ,leader_title1," [[Thiên hoàng]]
"
Nhật Bản,Infobox country, leader_name1                ,leader_name1," [[Naruhito]] (徳仁)
"
Nhật Bản,Infobox country, leader_title2                ,leader_title2," [[Thủ tướng Nhật Bản|Thủ tướng]]
"
Nhật Bản,Infobox country, leader_name2                ,leader_name2," [[Takaichi Sanae]] (高市 早苗)
"
Nhật Bản,Infobox country, legislature                ,legislature," [[Quốc hội Nhật Bản|Quốc hội]]
"
Nhật Bản,Infobox country, upper_house                ,upper_house," [[Tham Nghị viện]]
"
Nhật Bản,Infobox country, lower_house                ,lower_house," [[Chúng Nghị viện]]
"
Nhật Bản,Infobox country, area_footnote                ,area_footnote," <ref name=""area-2019"">{{chú thích web|script-title=ja:令和元年全国都道府県市区町村別面積調 (10月1日時点)|url=https://www.gsi.go.jp/KOKUJYOHO/MENCHO201910-index.html|trans-title=Reiwa 1 nationwide area survey by prefectures and municipalities (as of October 1)
|publisher=[[Geospatial Information Authority of Japan]]|language=ja|date=December 26, 2019|archiveurl=https://web.archive.org/web/20200415123703/https://www.gsi.go.jp/KOKUJYOHO/MENCHO201910-index.html|archivedate=April 15, 2020|url-status=dead }}</ref>
"
Nhật Bản,Infobox country, area_rank                ,area_rank," 62
"
Nhật Bản,Infobox country, area_magnitude                ,area_magnitude," 1 E11
"
Nhật Bản,Infobox country, area_km2                ,area_km2," 377975
"
Nhật Bản,Infobox country, area_sq_mi                ,area_sq_mi," 145937
"
Nhật Bản,Infobox country, percent_water                ,percent_water," 1,4<ref>{{cite web|title=Surface water and surface water change|accessdate=October 11, 2020|publisher=OECD|url=https://stats.oecd.org/Index.aspx?DataSetCode=SURFACE_WATER|archivedate=March 24, 2021|archiveurl=https://web.archive.org/web/20210324133453/https://stats.oecd.org/Index.aspx?DataSetCode=SURFACE_WATER|url-status=live}}</ref>
"
Nhật Bản,Infobox country, population_estimate                ,population_estimate,"  {{DecreaseNeutral}} 122.950.000<ref>{{Cite web |title=Preliminary counts of population of Japan|publisher=[[Statistics Bureau of Japan]] |url=https://www.stat.go.jp/english/index.html |accessdate=January 20, 2026  |archivedate=May 12, 2022 |archiveurl=https://web.archive.org/web/20220512233027/https://www.stat.go.jp/english/index.html |url-status=live}}</ref>
"
Nhật Bản,Infobox country, population_estimate_year                ,population_estimate_year," ngày 1 tháng 1 năm 2026
"
Nhật Bản,Infobox country, population_estimate_rank                ,population_estimate_rank," 11
"
Nhật Bản,Infobox country, population_census                ,population_census," 126.226.568<ref>{{Chú thích web|url=https://www.e-stat.go.jp/en/stat-search/files?page=1&layout=datalist&toukei=00200521&tstat=000001136464&cycle=0&year=20200&month=24101210&tclass1=000001136465&tclass2=000001154388&tclass3val=0|title=2020 Population Census Preliminary Tabulation|accessdate=ngày 26 tháng 6 năm 2021|publisher=[[Statistics Bureau (Japan)|Statistics Bureau of Japan]]|archive-date=2021-06-26|archive-url=https://web.archive.org/web/20210626170253/https://www.e-stat.go.jp/en/stat-search/files?page=1&layout=datalist&toukei=00200521&tstat=000001136464&cycle=0&year=20200&month=24101210&tclass1=000001136465&tclass2=000001154388&tclass3val=0|url-status=live}}</ref>
"
Nhật Bản,Infobox country, population_census_year                ,population_census_year," 2020
"
Nhật Bản,Infobox country, population_density_km2                ,population_density_km2," 330
"
Nhật Bản,Infobox country, population_densitymi2                ,population_densitymi2," 854.7
"
Nhật Bản,Infobox country, population_density_rank                ,population_density_rank," 39
"
Nhật Bản,Infobox country, GDP_PPP                ,gdp_ppp," {{increase}} 7,262 nghìn tỷ đô la Mỹ<ref name=""IMFWEO.JP"">{{cite web |url=https://data.imf.org/en/Data-Explorer?datasetUrn=IMF.RES:WEO(9.0.0) |title=World Economic Outlook Database (April 2026 Edition) |publisher=[[Quỹ Tiền tệ Quốc tế]] |date=April 14, 2026 |access-date=2026-05-16 |archive-date=2025-12-29 |archive-url=https://web.archive.org/web/20251229200304/https://data.imf.org/en/Data-Explorer?datasetUrn=IMF.RES:WEO(9.0.0) |url-status=live }}</ref>
"
Nhật Bản,Infobox country, GDP_PPP_year           ,gdp_ppp_year," 2026
"
Nhật Bản,Infobox country, GDP_PPP_rank           ,gdp_ppp_rank," 5
"
Nhật Bản,Infobox country, GDP_PPP_per_capita     ,gdp_ppp_per_capita," {{increase}} 59.207 đô la Mỹ<ref name=""IMFWEO.JP"" />
"
Nhật Bản,Infobox country, GDP_PPP_per_capita_rank ,gdp_ppp_per_capita_rank," 36
"
Nhật Bản,Infobox country, GDP_nominal            ,gdp_nominal," {{decrease}} 4,379 nghìn tỷ đô la Mỹ<ref name=""IMFWEO.JP"" />
"
Nhật Bản,Infobox country, GDP_nominal_year       ,gdp_nominal_year," 2026
"
Nhật Bản,Infobox country, GDP_nominal_rank       ,gdp_nominal_rank," 4
"
Nhật Bản,Infobox country, GDP_nominal_per_capita ,gdp_nominal_per_capita," {{decrease}} 35.703 đô la Mỹ<ref name=""IMFWEO.JP"" />
"
Nhật Bản,Infobox country, GDP_nominal_per_capita_rank ,gdp_nominal_per_capita_rank," 39
"
Nhật Bản,Infobox country, Gini                   ,gini," 33.4<!-- Number only. -->
"
Nhật Bản,Infobox country, Gini_year              ,gini_year," 2018
"
Nhật Bản,Infobox country, Gini_change            ,gini_change," decrease<!-- Increase/decrease/steady. -->
"
Nhật Bản,Infobox country, Gini_ref               ,gini_ref," <ref>{{cite web|url=https://data.oecd.org/inequality/income-inequality.htm|title=Inequality – Income inequality |publisher=[[Organisation for Economic Co-operation and Development|OECD]]|accessdate=July 25, 2021|archive-date=July 1, 2022|archive-url=https://web.archive.org/web/20220701171540/https://data.oecd.org/inequality/income-inequality.htm|url-status=live}}</ref>
"
Nhật Bản,Infobox country, HDI                    ,hdi," 0.925<!-- Number only, between 0 and 1. -->
"
Nhật Bản,Infobox country, HDI_year               ,hdi_year," 2023<!-- Please use the year to which the data refers, not the publication year. -->
"
Nhật Bản,Infobox country, HDI_change             ,hdi_change," increase<!-- Increase/decrease/steady. -->
"
Nhật Bản,Infobox country, HDI_ref                ,hdi_ref," <ref name=""HDI"">{{Cite web |date=6 May 2025 |title=Human Development Report 2025 |url=https://hdr.undp.org/system/files/documents/global-report-document/hdr2025reporten.pdf|url-status=live |archive-url=https://web.archive.org/web/20250506051232/https://hdr.undp.org/system/files/documents/global-report-document/hdr2025reporten.pdf |archive-date=6 May 2025 |access-date=6 May 2025 |publisher=[[United Nations Development Programme]] |language=en}}</ref>
"
Nhật Bản,Infobox country, HDI_rank               ,hdi_rank," 23
"
Nhật Bản,Infobox country, sovereignty_type                ,sovereignty_type," [[Lịch sử Nhật Bản|Hình thành]]
"
Nhật Bản,Infobox country, established_event1                ,established_event1," [[Quốc khánh Nhật Bản|Ngày Kiến quốc]]
"
Nhật Bản,Infobox country, established_date1                ,established_date1," 11 tháng 2 năm 660&nbsp;TCN<ref>According to legend, Japan was founded on this date by [[Emperor Jimmu]], the country's first Emperor.</ref>
"
Nhật Bản,Infobox country, established_event2                ,established_event2," [[Hiến pháp Minh Trị]]
"
Nhật Bản,Infobox country, established_date2                ,established_date2," 29 tháng 11 năm 1890
"
Nhật Bản,Infobox country, established_event3                ,established_event3," {{nowrap|[[Hiến pháp Nhật Bản|Hiến pháp hiện hành]]}}
"
Nhật Bản,Infobox country, established_date3                ,established_date3," 3 tháng 5 năm 1947
"
Nhật Bản,Infobox country, established_event4                ,established_event4," {{nowrap|[[Hiệp ước San Francisco|Hiệp ước hòa bình<br />San Francisco]]}}
"
Nhật Bản,Infobox country, established_date4                ,established_date4," 28 tháng 4 năm 1952
"
Nhật Bản,Infobox country, currency                ,currency," [[Yên Nhật|Yên]] (¥){{\}}{{transl|ja|''En''}} {{nihongo2|円}}
"
Nhật Bản,Infobox country, currency_code                ,currency_code," JPY
"
Nhật Bản,Infobox country, country_code                ,country_code," JP
"
Nhật Bản,Infobox country, time_zone                ,time_zone," [[Giờ chuẩn Nhật Bản|JST]]
"
Nhật Bản,Infobox country, utc_offset                ,utc_offset," +9
"
Nhật Bản,Infobox country, date_format                ,date_format," {{unbulleted list|yyyy-mm-dd<br />(năm-tháng-ngày)|<br/ >yyyy{{lang|ja|年}}m{{lang|ja|月}}d{{lang|ja|日}}|[[Niên hiệu Nhật Bản|NH]]&nbsp;yy{{lang|ja|年}}m{{lang|ja|月}}d{{lang|ja|日}} {{smaller|([[Công Nguyên|CN]]−2018)}}}}
"
Nhật Bản,Infobox country, electricity                ,electricity," 100 V–50 và 60&nbsp;Hz
"
Nhật Bản,Infobox country, drives_on                ,drives_on," [[Giao thông bên phải và bên trái|trái]]
"
Nhật Bản,Infobox country, calling_code                ,calling_code," [[Số điện thoại ở Nhật Bản|+81]]
"
Nhật Bản,Infobox country, cctld                ,cctld," [[.jp]]
"
Nhật Bản,Infobox country, official_website                ,official_website," {{url|https://www.japan.go.jp/}}
"
Singapore,Infobox country, common_name                ,common_name," Singapore
"
Singapore,Infobox country, conventional_long_name                ,conventional_long_name," Cộng hòa Singapore
"
Singapore,Infobox country, native_name                ,native_name," {{Infobox |subbox=yes |bodystyle=padding-top:0.5em; font-size:76%; font-weight:normal; |rowclass1 = mergedrow |label1=[[Tiếng Anh]]: |data1={{lang|ms|Republic of Singapore}} |rowclass2 = mergedrow |label2=[[Tiếng Mã Lai]]: |data2={{lang|ms|Republik Singapura}} |rowclass3 = mergedrow |label3=[[Quan thoại]]: |data3={{lang|zh-SG|新加坡共和国}} |rowclass4 = mergedrow |label4=[[Tiếng Tamil]]: |data4={{lang|ta|சிங்கப்பூர் குடியரசு}} }}
"
Singapore,Infobox country, image_flag                ,image_flag," Flag of Singapore.svg
"
Singapore,Infobox country, image_coat                ,image_coat," Coat of arms of Singapore.svg
"
Singapore,Infobox country, other_symbol                ,other_symbol," 
"
Singapore,Infobox country, national_motto                ,national_motto," {{native phrase|ms|Majulah Singapura|italics=on|nolink=on}}<br />(""Tiến lên, Singapore"")
"
Singapore,Infobox country, national_anthem                ,national_anthem," ''[[Majulah Singapura]]''<br />(""Tiến lên, Singapore"")<br /><div style=""padding-top;"">[[Tập tin:Majulah Singapura.ogg|center]]</div>
"
Singapore,Infobox country, image_map                ,image_map," Singapore on the globe (Southeast Asia centered) zoom.svg
"
Singapore,Infobox country, map_width                ,map_width," 275px
"
Singapore,Infobox country, capital                ,capital," '''Singapore'''{{efn|Singapore không có thủ đô chính thức vì quốc gia này là một [[thành bang]].<ref name=""City-state"">{{chú thích web |title = Singapore |quote = The city, once a distinct entity, so came to dominate the island that the Republic of Singapore essentially became a city-state. |url = https://www.britannica.com/place/Singapore-capital |access-date = ngày 29 tháng 8 năm 2019 }}</ref>}} ([[Thành bang]])
"
Singapore,Infobox country, largest_settlement                ,largest_settlement," [[Bedok]]<ref>{{chú thích web|url=https://www.singstat.gov.sg/find-data/search-by-theme/population/geographic-distribution/visualising-data/geographical-distribution-dashboard|title=Singapore Department of Statistics population report for 2022|publisher=Singstat|access-date=June 7, 2023|archive-date=24 December 2022|archive-url=https://web.archive.org/web/20221224122208/https://www.singstat.gov.sg/find-data/search-by-theme/population/geographic-distribution/visualising-data/geographical-distribution-dashboard|url-status=live}}</ref>
"
Singapore,Infobox country, coordinates                ,coordinates," {{Coord|1|17|N|103|50|E|type:city|display=inline,title}}
"
Singapore,Infobox country, largest_settlement_type                ,largest_settlement_type," [[Khu vực quy hoạch của Singapore|khu vực quy hoạch]] {{nobold|theo dân số}}
"
Singapore,Infobox country, official_languages                ,official_languages," [[Tiếng Anh Singapore|Tiếng Anh]]<br>[[Tiếng Mã Lai]]<br>[[Tiếng Hoa Singapore|Tiếng Hoa]]<br>[[Tiếng Tamil]]
"
Singapore,Infobox country, languages_type                ,languages_type," [[quốc ngữ]]
"
Singapore,Infobox country, languages                ,languages," [[tiếng Mã Lai]]
"
Singapore,Infobox country, ethnic_groups                ,ethnic_groups," {{Collapsible list | titlestyle = background:transparent; text-align:left; font-weight:normal; font-size:100%; | title = Danh sách [[Nhân khẩu học Singapore#Nhóm dân tộc|sắc tộc]]|75,9% [[người Singapore gốc Hoa|Hoa]]|15% [[người Singapore gốc Malaysia|Mã Lai]]|7,5% [[người Singapore gốc Ấn|Ấn]]|1,6% khác}}
"
Singapore,Infobox country, ethnic_groups_ref                ,ethnic_groups_ref," <ref>[https://www.gov.sg/article/what-are-the-racial-proportions-among-singapore-citizens Population in Brief 2020]</ref>
"
Singapore,Infobox country, ethnic_groups_year                ,ethnic_groups_year," 2020
"
Singapore,Infobox country, demonym                ,demonym," [[người Singapore]]
"
Singapore,Infobox country, government_type                ,government_type," [[Cộng hòa lập hiến]] [[Thể chế Đại nghị|đại nghị]] [[Hệ thống đảng chiếm ưu thế|Đảng chiếm ưu thế]] [[đơn nhất]]
"
Singapore,Infobox country, leader_title1                ,leader_title1," [[Tổng thống Singapore|Tổng thống]]
"
Singapore,Infobox country, leader_name1                ,leader_name1," [[Tharman Shanmugaratnam]]
"
Singapore,Infobox country, leader_title2                ,leader_title2," [[Thủ tướng Singapore|Thủ tướng]]
"
Singapore,Infobox country, leader_name2                ,leader_name2," [[Hoàng Tuần Tài]]
"
Singapore,Infobox country, leader_title3                ,leader_title3," [[Chánh án Tòa án Tối cao Singapore|Chánh án Tòa án Tối cao]]
"
Singapore,Infobox country, leader_name3                ,leader_name3," [[Sundaresh Menon]]
"
Singapore,Infobox country, leader_title4                ,leader_title4," [[Chủ tịch Quốc hội Singapore|Chủ tịch Quốc hội]]
"
Singapore,Infobox country, leader_name4                ,leader_name4," [[Tạ Kiện Bình]]
"
Singapore,Infobox country, legislature                ,legislature," [[Quốc hội Singapore|Quốc hội]]
"
Singapore,Infobox country, upper_house                ,upper_house," 
"
Singapore,Infobox country, lower_house                ,lower_house," 
"
Singapore,Infobox country, sovereignty_type                ,sovereignty_type," Độc lập
"
Singapore,Infobox country, sovereignty_note                ,sovereignty_note," Từ Vương quốc Anh và Malaysia
"
Singapore,Infobox country, established_event1                ,established_event1," {{nowrap|[[Chính phủ tự trị của Singapore|Chính phủ tự trị]]}}
"
Singapore,Infobox country, established_date1                ,established_date1," 3 tháng 6, 1959
"
Singapore,Infobox country, established_event2                ,established_event2," {{nowrap|[[Hiệp định Malaysia]]}}
"
Singapore,Infobox country, established_date2                ,established_date2," 16 tháng 9, 1963
"
Singapore,Infobox country, established_event3                ,established_event3," [[Tuyên ngôn Singapore]]
"
Singapore,Infobox country, established_date3                ,established_date3," 9 tháng 8, 1965
"
Singapore,Infobox country, established_event4                ,established_event4," [[Tuyên bố ASEAN]]
"
Singapore,Infobox country, established_date4                ,established_date4," 8 tháng 8, 1967
"
Singapore,Infobox country, area_km2                ,area_km2," 744.3
"
Singapore,Infobox country, area_footnote                ,area_footnote," <ref name=""total area of Singapore"">{{chú thích web |title=Environment – Latest Data |publisher=Singapore Department of Statistics |url=https://www.singstat.gov.sg/find-data/search-by-theme/society/environment/latest-data |access-date=30 July 2025 |archive-date=2 April 2025 |archive-url=https://web.archive.org/web/20250402134115/https://www.singstat.gov.sg/find-data/search-by-theme/society/environment/latest-data |url-status=live}}</ref>
"
Singapore,Infobox country, area_rank                ,area_rank," 176
"
Singapore,Infobox country, population_estimate                ,population_estimate," {{IncreaseNeutral}} 6,110,200{{efn|Dân số Singapore gồm:<br>–Công dân Singapore (SC): 3.640.000 người<br>–Thường trú nhân (PR): 544.900 người<br>–Người nước ngoài/không có quyền cư trú vĩnh viễn: 1.860.000 người<ref name=""Population in Brief 2024"">{{cite web |title=Population in Brief 2024 |publisher=Singapore Department of Statistics |url=https://www.population.gov.sg/files/media-centre/publications/Population_in_Brief_2024.pdf|access-date=25 September 2024 |archive-url=https://web.archive.org/web/20240925140255/https://www.population.gov.sg/files/media-centre/publications/Population_in_Brief_2024.pdf |archive-date=25 September 2024}}</ref>}}
"
Singapore,Infobox country, population_estimate_year                ,population_estimate_year," 2025
"
Singapore,Infobox country, population_estimate_rank                ,population_estimate_rank," 111
"
Singapore,Infobox country, population_density_km2                ,population_density_km2," 8,290
"
Singapore,Infobox country, population_density_sq_mi                ,population_density_sq_mi," 21,471,0
"
Singapore,Infobox country, population_density_rank                ,population_density_rank," 3
"
Singapore,Infobox country, GDP_PPP                ,gdp_ppp," {{increase}} 1,063 nghìn tỷ đô la Mỹ<ref name=""IMFWEO.SG"">{{chú thích web |url=https://www.imf.org/en/Publications/WEO/weo-database/2025/April/weo-report?c=576,&s=NGDPD,PPPGDP,NGDPDPC,PPPPC,&sy=2022&ey=2029&ssm=0&scsm=1&scc=0&ssd=1&ssc=0&sic=0&sort=country&ds=.&br=1|title=World Economic Outlook Database, April 2025 Edition. (Singapore) |publisher=[[Quỹ Tiền tệ Quốc tế]] |website=www.imf.org |date=April 2025|access-date=27 April 2025}}</ref>
"
Singapore,Infobox country, GDP_PPP_year                ,gdp_ppp_year," 2026
"
Singapore,Infobox country, GDP_PPP_rank                ,gdp_ppp_rank," 34
"
Singapore,Infobox country, GDP_PPP_per_capita                ,gdp_ppp_per_capita," {{increase}} 173,708 đô la Mỹ<ref name=IMFWEO.SG />
"
Singapore,Infobox country, GDP_PPP_per_capita_rank                ,gdp_ppp_per_capita_rank," 1
"
Singapore,Infobox country, GDP_nominal                ,gdp_nominal," {{increase}} 659,572 tỷ đô la Mỹ<ref name=IMFWEO.SG />
"
Singapore,Infobox country, GDP_nominal_year                ,gdp_nominal_year," 2026
"
Singapore,Infobox country, GDP_nominal_rank                ,gdp_nominal_rank," 27
"
Singapore,Infobox country, GDP_nominal_per_capita                ,gdp_nominal_per_capita," {{increase}} 107,758 đô la Mỹ<ref name=IMFWEO.SG />
"
Singapore,Infobox country, GDP_nominal_per_capita_rank                ,gdp_nominal_per_capita_rank," 4
"
Singapore,Infobox country, Gini                ,gini," 43.3
"
Singapore,Infobox country, Gini_year                ,gini_year," 2023
"
Singapore,Infobox country, Gini_change                ,gini_change," steady
"
Singapore,Infobox country, Gini_ref                ,gini_ref," <ref>{{chú thích web |title=Key Household Income Trends, 2023 |url=https://www.singstat.gov.sg/-/media/files/publications/households/pp-s30.ashx#:~:text=7%20The%20Gini%20coefficient5%20based,fell%20from%200.433%20to%200.371 |website=singstat.gov.sg |publisher=Singapore Department of Statistics |access-date=14 August 2024 |archive-date=13 July 2024 |archive-url=https://web.archive.org/web/20240713170530/https://www.singstat.gov.sg/-/media/files/publications/households/pp-s30.ashx#:~:text=7%20The%20Gini%20coefficient5%20based,fell%20from%200.433%20to%200.371 |url-status=live }}</ref>
"
Singapore,Infobox country, HDI                ,hdi," 0.946
"
Singapore,Infobox country, HDI_year                ,hdi_year," 2023
"
Singapore,Infobox country, HDI_change                ,hdi_change," steady
"
Singapore,Infobox country, HDI_ref                ,hdi_ref," <ref name=""HDI"">{{chú thích web |date=6 May 2025 |title=Human Development Report 2025 |url=https://hdr.undp.org/system/files/documents/global-report-document/hdr2025reporten.pdf|url-status=live |archive-url=https://web.archive.org/web/20250506051232/https://hdr.undp.org/system/files/documents/global-report-document/hdr2025reporten.pdf |archive-date=6 May 2025 |access-date=6 May 2025 |publisher=[[Chương trình Phát triển của Liên Hợp Quốc]] |language=en}}</ref>
"
Singapore,Infobox country, HDI_rank                ,hdi_rank," 13
"
Singapore,Infobox country, currency                ,currency," [[Đô la Singapore]] (S$)
"
Singapore,Infobox country, currency_code                ,currency_code," SGD
"
Singapore,Infobox country, time_zone                ,time_zone," [[Giờ chuẩn Singapore]]
"
Singapore,Infobox country, utc_offset                ,utc_offset," +8
"
Singapore,Infobox country, antipodes                ,antipodes," 
"
Singapore,Infobox country, date_format                ,date_format," {{abbr|dd|day}}/{{abbr|mm|month}}/{{abbr|yyyy|year}}
"
Singapore,Infobox country, drives_on                ,drives_on," [[Giao thông bên phải và bên|trái]]
"
Singapore,Infobox country, calling_code                ,calling_code," [[+65]]
"
Singapore,Infobox country, iso3166code                ,iso3166code," SG
"
Singapore,Infobox country, cctld                ,cctld," [[.sg]]
"
Singapore,Infobox country, today                ,today," 
"
Singapore,Infobox country, electricity                ,electricity," 230 V–50 Hz
"
Singapore,Infobox country, religion_year                ,religion_year," 2020
"
Singapore,Infobox country, religion_ref                ,religion_ref," <ref>[https://web.archive.org/web/20240706140335/https://www.singstat.gov.sg/-/media/files/publications/population/population2023.ashx]</ref>
"
Singapore,Infobox country, religion                ,religion," {{ublist|31.1% [[Phật giáo]]|20.0% [[không tôn giáo]]|18.9% [[Kitô giáo]]|15.6% [[Hồi giáo]]|8.8% [[Đạo giáo]]| 5.0% [[Hindu giáo]]| 0.6% khác}}
"
Singapore,Infobox country, percent_water                ,percent_water," 1,43%
"
Cộng hòa Nam Phi,Infobox country, conventional_long_name                ,conventional_long_name," Cộng hòa Nam Phi
"
Cộng hòa Nam Phi,Infobox country, common_name                ,common_name," Nam Phi
"
Cộng hòa Nam Phi,Infobox country, native_name                ,native_name," {{collapsible list
| titlestyle = text-align:center;line-height:normal;font-size:86%;
| title = 11 ngôn ngữ chính thức khác<ref>{{Cite act |institution=Parliament of the Republic of South Africa |title=Constitution Eighteenth Amendment Act |year=2023 |volume=697 |number=47665 |language=en, tn}}</ref>
| {{Infobox
| subbox=yes
| bodystyle=font-size:77%;font-weight:normal;
| rowclass1 = mergedrow
| label1 = [[Tiếng Afrikaans]]:
| data1 = {{lang|af|Republiek van Suid-Afrika}}
| rowclass2 = mergedrow
| label2 = [[Tiếng Zulu]]:
| data2 = {{lang|zu|iRiphabhuliki yaseNingizimu Afrika}}
| rowclass3 = mergedrow
| label3 = [[Tiếng Xhosa]]:
| data3 = {{lang|ss|iRiphabhlikhi yoMzantsi Afrika}}
| rowclass4 = mergedrow
| label5 = [[Tiếng Bắc Sotho]]:
| data5 = {{lang|nso|Repabliki ya Afrika-Borwa}}
| rowclass5 = mergedrow
| label6 = [[Tiếng Sotho]]:
| data6 = {{lang|st|Rephaboliki ya Afrika Borwa}}
| rowclass6 = mergedrow
| label7 = [[Tiếng Tswana]]:
| data7 = {{lang|tn|Rephaboliki ya Aforika Borwa}}
| rowclass7 = mergedrow
| label8 = [[Tiếng Tsonga]]:
| data8 = {{lang|ts|Riphabliki ya Afrika Dzonga}}
| rowclass8 = mergedrow
| label9 = [[Tiếng Swazi]]:
| data9 = {{lang|sw|iRiphabhulikhi yaseNingizimu-Afrika}}
| rowclass9 = mergedrow
| label10 = [[Tiếng Venda]]:
| data10 = {{lang|ve|Riphabuḽiki ya Afurika Tshipembe}}
| rowclass10 = mergedrow
| label11 = [[Tiếng Nam Ndebele]]:
| data11 = {{lang|nr|iRiphabliki yeSewula Afrika}}
| rowclass11 = mergedrow
| label12 = [[Tiếng Anh]]:
| data12 = {{lang|en|Republic of South Africa}}
| rowclass12 = mergedrow
}}
}}
"
Cộng hòa Nam Phi,Infobox country, image_flag                ,image_flag," Flag of South Africa.svg
"
Cộng hòa Nam Phi,Infobox country, alt_flag                ,alt_flag," 
"
Cộng hòa Nam Phi,Infobox country, flag2_border                ,flag2_border," 
"
Cộng hòa Nam Phi,Infobox country, image_coat                ,image_coat," Coat of arms of South Africa (heraldic).svg
"
Cộng hòa Nam Phi,Infobox country, coa_size                ,coa_size," 75
"
Cộng hòa Nam Phi,Infobox country, alt_coat                ,alt_coat," 
"
Cộng hòa Nam Phi,Infobox country, symbol_type                ,symbol_type," Quốc huy
"
Cộng hòa Nam Phi,Infobox country, national_motto                ,national_motto," ""{{lang|xam|ǃke e: ǀxarra ǁke}}""&nbsp;([[tiếng ǀXam]])<br />""Thống nhất trong đa dạng""
"
Cộng hòa Nam Phi,Infobox country, national_anthem                ,national_anthem," ""[[Quốc ca Nam Phi]]"" <div style=""padding-top:0.5em;"" class=""centre"">[[File:South Africa National Anthem.ogg]]</div>
"
Cộng hòa Nam Phi,Infobox country, image_map                ,image_map," {{Switcher|[[File:ZAF orthographic.svg|frameless]]|Hiện quả địa cầu|
[[File:South Africa adm location map.svg|frameless]]|Hiện bản đồ Nam Phi|default=1}}
"
Cộng hòa Nam Phi,Infobox country, map_caption                ,map_caption," 
"
Cộng hòa Nam Phi,Infobox country, image_map2                ,image_map2," 
"
Cộng hòa Nam Phi,Infobox country, capital                ,capital," {{unbulleted list|[[Pretoria]] (chính phủ)<ref name=""South Africa at a glance"">{{cite web|title=South Africa at a glance |url=https://www.gov.za/about-sa/south-africa-glance|website=South African Government |access-date=18 June 2020|archive-date=26 May 2020|archive-url=https://web.archive.org/web/20200526163527/https://www.gov.za/about-sa/south-africa-glance|url-status=live }}</ref>|[[Cape Town]] (Nghị viện)<ref name=""South Africa at a glance"" />|[[Bloemfontein]] (tư pháp)<ref name=""South Africa at a glance"" />}}
"
Cộng hòa Nam Phi,Infobox country, largest_city                ,largest_city," {{nowrap|[[Johannesburg]]<ref>{{cite web|url=http://www.citypopulation.de/World.html|title=Principal Agglomerations of the World|publisher=City Population|access-date=30 October 2011|archive-date=25 December 2018|archive-url=https://web.archive.org/web/20181225073559/http://www.citypopulation.de/World.html|url-status=live }}</ref><!--end nowrap:-->}}
"
Cộng hòa Nam Phi,Infobox country, population_density_km2                ,population_density_km2," 50.8
"
Cộng hòa Nam Phi,Infobox country, population_density_sq_mi                ,population_density_sq_mi," 
"
Cộng hòa Nam Phi,Infobox country, population_density_rank                ,population_density_rank," 169
"
Cộng hòa Nam Phi,Infobox country, population_estimate                ,population_estimate," {{IncreaseNeutral}} 63.015.904<ref>{{cite web |url=https://www.gov.za/sites/default/files/P03014_Census_2022_Statistical_Release.pdf |title=Census 2022 – Statistical Release |publisher=Government of South Africa |website=www.gov.za |date=10 October 2023 |access-date=15 October 2023 |archive-date=15 October 2023 |archive-url=https://web.archive.org/web/20231015192129/https://www.gov.za/sites/default/files/P03014_Census_2022_Statistical_Release.pdf |url-status=live }}</ref>
"
Cộng hòa Nam Phi,Infobox country, population_census                ,population_census," {{IncreaseNeutral}} 62.027.503<ref name=""Census-2022"" />
"
Cộng hòa Nam Phi,Infobox country, population_estimate_year                ,population_estimate_year," 2024
"
Cộng hòa Nam Phi,Infobox country, population_estimate_rank                ,population_estimate_rank," 23
"
Cộng hòa Nam Phi,Infobox country, population_census_year                ,population_census_year," 2022
"
Cộng hòa Nam Phi,Infobox country, population_census_rank                ,population_census_rank," 23
"
Cộng hòa Nam Phi,Infobox country, official_languages                ,official_languages," '''[[Ngôn ngữ của Nam Phi|12 ngôn ngữ]]'''<ref name=""constitution.1.6"">{{cite book|url=https://www.concourt.org.za/images/phocadownload/the_text/english-2013.pdf|title=The Constitution of the Republic of South Africa|publisher=Constitutional Court of South Africa|year=2013|edition=2013 English version|at=ch.&nbsp;1, s.&nbsp;6|access-date=17 April 2020|archive-date=23 August 2018|archive-url=https://web.archive.org/web/20180823174423/https://www.concourt.org.za/images/phocadownload/the_text/english-2013.pdf|url-status=live}}</ref><ref name=""parliament.gov.za"">{{Cite web|url=https://www.parliament.gov.za/press-releases/na-approves-south-african-sign-language-12th-official-language|title=The NA Approves South African Sign Language as the 12th Official Language |website=Parliament of South Africa |date=3 May 2023 |url-status=live |archive-url=https://web.archive.org/web/20231222131030/https://www.parliament.gov.za/press-releases/na-approves-south-african-sign-language-12th-official-language |archive-date= Dec 22, 2023 }}</ref>{{plainlist|
* [[Tiếng Afrikaans]]
* [[Tiếng Anh Nam Phi|Tiếng Anh]]
* [[Tiếng Nam Ndebele]]
* [[Tiếng Pedi]]
* [[Tiếng Sotho]]
* [[Tiếng Tswana]]
* [[Ngôn ngữ ký hiệu Nam Phi]]
* [[Tiếng Swazi]]
* [[Tiếng Venda]]
* [[Tiếng Xhosa]]
* [[Tiếng Tsonga]]
* [[Tiếng Zulu]]
}}
{{collapsible list
| titlestyle = text-align:left;padding-left:0.5em;font-size:100%;<!--size of [show]/[hide] link-->
| liststyle = text-align:left;white-space:nowrap;
| title=Ngôn ngữ có quy chế đặc biệt<ref name=""constitution.1.6""/>|[[Ngữ tộc Khoe]]|[[Tiếng Khoekhoe]]|[[Tiếng Khoisan]]|[[Tiếng Đức]]|[[Tiếng Hy Lạp]]|[[Tiếng Gujarati]]|[[Tiếng Hindi]]|[[Tiếng Bồ Đào Nha]]|[[Tiếng Telugu]]|[[Tiếng Tamil]]|[[Tiếng Urdu]]|[[Tiếng Ả Rập]]|[[Tiếng Hebrew]]|[[Tiếng Phạn]]
}}
"
Cộng hòa Nam Phi,Infobox country, regional_languages                ,regional_languages," 
"
Cộng hòa Nam Phi,Infobox country, languages2_type                ,languages2_type," 
"
Cộng hòa Nam Phi,Infobox country, languages2                ,languages2," 
"
Cộng hòa Nam Phi,Infobox country, ethnic_groups_year                ,ethnic_groups_year," 2022<ref name=""Mitchley"">{{Cite web |last=Mitchley |first=Alex |title=SA's population swells to 62 million - 2022 census at a glance |url=https://www.news24.com/news24/southafrica/news/sas-population-swells-to-62-million-2022-census-at-a-glance-20231010 |access-date=2023-10-11 |website=News24 |language=en-US |archive-date=11 October 2023 |archive-url=https://web.archive.org/web/20231011171333/https://www.news24.com/news24/southafrica/news/sas-population-swells-to-62-million-2022-census-at-a-glance-20231010 |url-status=live }}</ref>
"
Cộng hòa Nam Phi,Infobox country, ethnic_groups                ,ethnic_groups," {{unbulleted list
 | {{nowrap|81.4% [[Người Bantu]]}}
 | 8.2% [[Người da màu (Nam Phi|Người da màu]]
 | 7.3% [[Người Nam Phi da trắng|Người da trắng]]
 | 2.7% [[Người Nam Phi gốc Ấn Độ|Người gốc Ấn Độ]] hoặc [[Người châu Á (Nam Phi)|người châu Á]]
| 0.4% dân tộc khác
}}
"
Cộng hòa Nam Phi,Infobox country, religion                ,religion," {{ublist|item_style=white-space:nowrap;
 |85.3% [[Kitô giáo ở Nam Phi|Kitô giáo]]
 |7.8% [[Tôn giáo truyền thống châu Phi|tín ngưỡng truyền thống]]
 |3.1% [[Không tôn giáo ở Nam Phi|không tôn giáo]]
 |1.6% [[Hồi giáo ở Nam Phi|Hồi giáo]]
 |1.1% [[Ấn Độ giáo ở Nam Phi|Ấn Độ giáo]]
 |1.1% tôn giáo khác}}
"
Cộng hòa Nam Phi,Infobox country, religion_year                ,religion_year," 2022
"
Cộng hòa Nam Phi,Infobox country, religion_ref                ,religion_ref," <ref name=""2022 census3"">{{cite web |title=Statistical Release - Census 2022 |url=https://census.statssa.gov.za/assets/documents/2022/P03014_Census_2022_Statistical_Release.pdf |access-date=2024-08-22 |website=statssa.gov.za}}</ref>
"
Cộng hòa Nam Phi,Infobox country, demonym                ,demonym," {{hlist|[[Demographics of South Africa|Người Nam Phi]]}}
"
Cộng hòa Nam Phi,Infobox country, government_type                ,government_type," [[Cộng hòa đại nghị]] đơn nhất với tổng thống nắm quyền hành pháp
"
Cộng hòa Nam Phi,Infobox country, leader_title1                ,leader_title1," [[Tổng thống Nam Phi|Tổng thống]]
"
Cộng hòa Nam Phi,Infobox country, leader_name1                ,leader_name1," [[Cyril Ramaphosa]]
"
Cộng hòa Nam Phi,Infobox country, leader_title2                ,leader_title2," [[Phó Tổng thống Nam Phi|Phó Tổng thống]]
"
Cộng hòa Nam Phi,Infobox country, leader_name2                ,leader_name2," [[Paul Mashatile]]
"
Cộng hòa Nam Phi,Infobox country, leader_title3                ,leader_title3," [[Chủ tịch Quốc hội Nam Phi|Chủ tịch Quốc hội]]
"
Cộng hòa Nam Phi,Infobox country, leader_name3                ,leader_name3," [[Thoko Didiza]]
"
Cộng hòa Nam Phi,Infobox country, leader_title4                ,leader_title4," [[Chủ tịch Hội đồng các tỉnh quốc gia]]
"
Cộng hòa Nam Phi,Infobox country, leader_name4                ,leader_name4," [[Refilwe Mtsweni-Tsipane]]
"
Cộng hòa Nam Phi,Infobox country, leader_title5                ,leader_title5," [[Chánh án Nam Phi|Chánh án]]
"
Cộng hòa Nam Phi,Infobox country, leader_name5                ,leader_name5," [[Mandisa Maya]]
"
Cộng hòa Nam Phi,Infobox country, legislature                ,legislature," [[Nghị viện Nam Phi|Nghị viện]]
"
Cộng hòa Nam Phi,Infobox country, upper_house                ,upper_house," [[Hội đồng Quốc gia các Tỉnh]]
"
Cộng hòa Nam Phi,Infobox country, lower_house                ,lower_house," [[Quốc hội Nam Phi|Quốc hội]]
"
Cộng hòa Nam Phi,Infobox country, sovereignty_type                ,sovereignty_type," Độc lập
"
Cộng hòa Nam Phi,Infobox country, sovereignty_note                ,sovereignty_note," {{nowrap|từ [[Vương quốc Liên hiệp Anh và Bắc Ireland]]}}
"
Cộng hòa Nam Phi,Infobox country, established_event1                ,established_event1," [[Liên hiệp Nam Phi]]
"
Cộng hòa Nam Phi,Infobox country, established_date1                ,established_date1," 31 tháng 5 năm 1910
"
Cộng hòa Nam Phi,Infobox country, established_event2                ,established_event2," [[Đạo luật Westminster 1931]]
"
Cộng hòa Nam Phi,Infobox country, established_date2                ,established_date2," 11 tháng 12 năm 1931
"
Cộng hòa Nam Phi,Infobox country, established_event3                ,established_event3," [[Trưng cầu ý dân về cộng hòa Nam Phi 1960|Cộng hòa Nam Phi]]
"
Cộng hòa Nam Phi,Infobox country, established_date3                ,established_date3," 31 tháng 5 năm 1961
"
Cộng hòa Nam Phi,Infobox country, established_event4                ,established_event4," [[Hiến pháp Nam Phi|Hiến pháp hiện hành]]
"
Cộng hòa Nam Phi,Infobox country, established_date4                ,established_date4," 4 tháng 2 năm 1997
"
Cộng hòa Nam Phi,Infobox country, area_km2                ,area_km2," 1221037
"
Cộng hòa Nam Phi,Infobox country, area_footnote                ,area_footnote," 
"
Cộng hòa Nam Phi,Infobox country, area_rank                ,area_rank," 24
"
Cộng hòa Nam Phi,Infobox country, area_sq_mi                ,area_sq_mi," 471443
"
Cộng hòa Nam Phi,Infobox country, percent_water                ,percent_water," 0,38
"
Cộng hòa Nam Phi,Infobox country, GDP_PPP                ,gdp_ppp," {{increase}} 1,03 nghìn tỷ đô la Mỹ<ref name=""IMFWEO.ZA"">{{cite web |url=https://www.imf.org/external/datamapper/profile/ZAF |title=World Economic Outlook Database, April 2024 Edition. (South Africa) |publisher=[[Quỹ Tiền tệ Quốc tế]] |website=www.imf.org |date=16 April 2024 |access-date=17 April 2024 |archive-date=16 April 2024 |archive-url=https://web.archive.org/web/20240416232751/https://www.imf.org/en/Publications/WEO/weo-database/2024/April/weo-report?c=199,&s=NGDPD,PPPGDP,NGDPDPC,PPPPC,&sy=2022&ey=2029&ssm=0&scsm=1&scc=0&ssd=1&ssc=0&sic=0&sort=country&ds=.&br=1 |url-status=live }}</ref>
"
Cộng hòa Nam Phi,Infobox country, GDP_PPP_year                ,gdp_ppp_year," 2025
"
Cộng hòa Nam Phi,Infobox country, GDP_PPP_rank                ,gdp_ppp_rank," 33
"
Cộng hòa Nam Phi,Infobox country, GDP_PPP_per_capita                ,gdp_ppp_per_capita," {{increase}} 16.010 đô la Mỹ<ref name=""IMFWEO.ZA""/>
"
Cộng hòa Nam Phi,Infobox country, GDP_PPP_per_capita_rank                ,gdp_ppp_per_capita_rank," 107
"
Cộng hòa Nam Phi,Infobox country, GDP_nominal                ,gdp_nominal," {{increase}} 418,05 tỷ đô la Mỹ<ref name=""IMFWEO.ZA""/>
"
Cộng hòa Nam Phi,Infobox country, GDP_nominal_year                ,gdp_nominal_year," 2025
"
Cộng hòa Nam Phi,Infobox country, GDP_nominal_rank                ,gdp_nominal_rank," 40
"
Cộng hòa Nam Phi,Infobox country, GDP_nominal_per_capita                ,gdp_nominal_per_capita," {{increase}} 6.520 đô la Mỹ<ref name=""IMFWEO.ZA""/>
"
Cộng hòa Nam Phi,Infobox country, GDP_nominal_per_capita_rank                ,gdp_nominal_per_capita_rank," 108
"
Cộng hòa Nam Phi,Infobox country, Gini                ,gini," 63,0 <!--number only-->
"
Cộng hòa Nam Phi,Infobox country, Gini_year                ,gini_year," 2014
"
Cộng hòa Nam Phi,Infobox country, Gini_change                ,gini_change," decrease <!--increase/decrease/steady-->
"
Cộng hòa Nam Phi,Infobox country, Gini_ref                ,gini_ref," <ref name=""wb-gini"">{{cite web|url=https://data.worldbank.org/indicator/SI.POV.GINI?locations=ZA|title=Gini Index|publisher=World Bank|access-date=25 September 2018|archive-date=29 May 2020|archive-url=https://web.archive.org/web/20200529083011/https://data.worldbank.org/indicator/SI.POV.GINI?locations=ZA|url-status=live }}</ref>
"
Cộng hòa Nam Phi,Infobox country, Gini_rank                ,gini_rank," <!-- 2nd --><!-- hid rank as source not clear -->
"
Cộng hòa Nam Phi,Infobox country, HDI                ,hdi," 0,741 <!--number only-->
"
Cộng hòa Nam Phi,Infobox country, HDI_year                ,hdi_year," 2023<!--Please use the year to which the data refers, not the publication year.-->
"
Cộng hòa Nam Phi,Infobox country, HDI_change                ,hdi_change," increase <!--increase/decrease/steady-->
"
Cộng hòa Nam Phi,Infobox country, HDI_ref                ,hdi_ref," <ref name=""UNHDR"">{{Cite web |date=6 May 2025 |title=Human Development Report 2025 |url=https://hdr.undp.org/system/files/documents/global-report-document/hdr2025reporten.pdf|url-status=live |archive-url=https://web.archive.org/web/20250506051232/https://hdr.undp.org/system/files/documents/global-report-document/hdr2025reporten.pdf |archive-date=6 May 2025 |access-date=6 May 2025 |publisher=[[Chương trình Phát triển của Liên Hợp Quốc]] |language=en}}</ref>
"
Cộng hòa Nam Phi,Infobox country, HDI_rank                ,hdi_rank," 106
"
Cộng hòa Nam Phi,Infobox country, currency                ,currency," [[Rand Nam Phi]]
"
Cộng hòa Nam Phi,Infobox country, currency_code                ,currency_code," ZAR
"
Cộng hòa Nam Phi,Infobox country, time_zone                ,time_zone," [[Giờ chuẩn Nam Phi]]
"
Cộng hòa Nam Phi,Infobox country, utc_offset                ,utc_offset," +2
"
Cộng hòa Nam Phi,Infobox country, utc_offset_DST                ,utc_offset_dst," 
"
Cộng hòa Nam Phi,Infobox country, DST_note                ,dst_note," 
"
Cộng hòa Nam Phi,Infobox country, time_zone_DST                ,time_zone_dst," 
"
Cộng hòa Nam Phi,Infobox country, antipodes                ,antipodes," 
"
Cộng hòa Nam Phi,Infobox country, date_format                ,date_format," Short formats:
* yyyy/mm/dd<ref>{{Cite web|title=Data Source Comparison for en-ZA|url=https://www.localeplanet.com/compare/en-ZA/index.html|access-date=5 May 2021|website=www.localeplanet.com|archive-date=16 August 2021|archive-url=https://web.archive.org/web/20210816213516/https://www.localeplanet.com/compare/en-ZA/index.html|url-status=live}}</ref>
* yyyy-mm-dd<ref>{{Cite web|title=Data Source Comparison for af-ZA|url=https://www.localeplanet.com/compare/af-ZA/index.html|access-date=5 May 2021|website=www.localeplanet.com|archive-date=5 May 2021|archive-url=https://web.archive.org/web/20210505092248/https://www.localeplanet.com/compare/af-ZA/index.html|url-status=live}}</ref>
"
Cộng hòa Nam Phi,Infobox country, drives_on                ,drives_on," trái
"
Cộng hòa Nam Phi,Infobox country, calling_code                ,calling_code," [[Telephone numbers in South Africa|+27]]
"
Cộng hòa Nam Phi,Infobox country, iso3166code                ,iso3166code," ZA
"
Cộng hòa Nam Phi,Infobox country, cctld                ,cctld," [[.za]]
"
Cộng hòa Nam Phi,Infobox country, today                ,today," 
"
Thụy Sĩ,Tóm tắt về quốc gia, conventional_long_name                ,conventional_long_name," Liên bang Thụy Sĩ
"
Thụy Sĩ,Tóm tắt về quốc gia, native_name                ,native_name," {{Native name|de|Schweizerische Eidgenossenschaft}}<br>{{Native name|fr|Confédération suisse}}<br>{{Native name|it|Confederazione Svizzera}}<br>{{Native name|rm|Confederaziun svizra}}<br>{{Native name|la|Confoederatio Helvetica}}
"
Thụy Sĩ,Tóm tắt về quốc gia, common_name                ,common_name," Thụy Sĩ
"
Thụy Sĩ,Tóm tắt về quốc gia, image_flag                ,image_flag," Flag of Switzerland.svg
"
Thụy Sĩ,Tóm tắt về quốc gia, image_coat                ,image_coat," Coat of Arms of Switzerland.svg
"
Thụy Sĩ,Tóm tắt về quốc gia, national_motto                ,national_motto," ''Unus pro omnibus, omnes pro uno''<br /> (Một người vì mọi người, mọi người vì một người)
"
Thụy Sĩ,Tóm tắt về quốc gia, national_anthem                ,national_anthem," ''[[Thánh ca Thụy Sĩ]]''
<br /><center>[[Tập tin: Swiss Psalm.ogg ]]</center>
"
Thụy Sĩ,Tóm tắt về quốc gia, image_map                ,image_map," Switzerland (orthographic projection).svg
"
Thụy Sĩ,Tóm tắt về quốc gia, image_map2                ,image_map2," Europe-Switzerland.svg
"
Thụy Sĩ,Tóm tắt về quốc gia, image_map_caption                ,image_map_caption," Vị trí ''""Thụy Sĩ""'' (xanh) trên thế giới
"
Thụy Sĩ,Tóm tắt về quốc gia, official_languages                ,official_languages," [[Tiếng Đức]], [[tiếng Pháp|Pháp]], [[tiếng Ý|Ý]], và [[tiếng Romansh|Romansh]]
"
Thụy Sĩ,Tóm tắt về quốc gia, capital                ,capital," [[Tập tin:CHE Bern COA.svg|18px]] [[Bern]] ([[de facto]])<ref group=""Phụ chú"">""Thành phố liên bang"" về pháp lí, thủ đô trên thực tế. Do tính nhạy cảm chủ nghĩa liên bang lịch sử, pháp luật Thụy Sĩ không xác định một thủ đô chính thức; và một số tổ chức liên bang như các tòa án nằm tại các thành phố khác.</ref><ref name=Bundesstadt/><ref name=""deFacto"">{{Chú thích tạp chí |title=Die Hauptstadt existiert nicht |url=http://boris.unibe.ch/id/eprint/41280 |type=scientific article |format=PDF |last=Holenstein |first=André |issue=152: Sonderfall Hauptstatdtregion |series=UniPress – Forschung und Wissenschaft an der Universität Bern |publisher=Department Communication, University of Berne |location=Berne |year=2012 |pages=16–19 |language=de |doi=10.7892/boris.41280 |quote=Als 1848 ein politisch-administratives Zentrum für den neuen Bundesstaat zu bestimmen war, verzichteten die Verfassungsväter daraufpl, eine Hauptstadt der Schweiz zu bezopnleichnen und formulierten stattdessen in Artikel 108: «Alles, was sich auf den Sitz der Bundesbehörden bezieht, ist Gegenstand der Bundesgesetzgebung.» Die Bundesstadt ist also nicht mehr und nicht weniger als der Sitz der Bundesbehörden. |access-date =ngày 20 tháng 12 năm 2015}}</ref>
"
Thụy Sĩ,Tóm tắt về quốc gia, coordinates                ,coordinates," {{Coord|46|57|N|7|27|E|type:city}}
"
Thụy Sĩ,Tóm tắt về quốc gia, largest_city                ,largest_city," [[Tập tin:Wappen Zürich matt.svg|18px]] [[Zürich]]
"
Thụy Sĩ,Tóm tắt về quốc gia, government_type                ,government_type," [[Chế độ đốc chính|Cộng hoà đốc chính]] [[liên bang]]
"
Thụy Sĩ,Tóm tắt về quốc gia, leader_title1                ,leader_title1," [[Hội đồng Liên bang (Thụy Sĩ)|Hội đồng Liên bang]]
"
Thụy Sĩ,Tóm tắt về quốc gia, leader_name1                ,leader_name1," {{unbulleted list
 | [[Guy Parmelin]] {{small|([[Tổng thống Liên bang Thụy Sĩ|Tổng thống]])}}
 | [[Ignazio Cassis]] {{small|([[Phó Tổng thống Liên bang Thụy Sĩ|Phó Tổng thống]])}}
 | [[Guy Parmelin]]
| [[Ignazio Cassis]]
| [[Albert Rösti]]
| [[Elisabeth Baume-Schneider]]
| [[Beat Jans]]
| [[Martin Pfister]]
}}
"
Thụy Sĩ,Tóm tắt về quốc gia, leader_title2                ,leader_title2," {{nowrap|[[Tổng Thư ký Liên bang Thụy Sĩ|Tổng Thư kí Liên bang]]}}
"
Thụy Sĩ,Tóm tắt về quốc gia, leader_name2                ,leader_name2," [[Viktor Rossi]]
"
Thụy Sĩ,Tóm tắt về quốc gia, legislature                ,legislature," [[Quốc hội Liên bang (Thụy Sĩ)|Quốc hội Liên bang]]
"
Thụy Sĩ,Tóm tắt về quốc gia, upper_house                ,upper_house," [[Viện Liên bang (Thụy Sĩ)|Viện Liên bang]]
"
Thụy Sĩ,Tóm tắt về quốc gia, lower_house                ,lower_house," [[Viện Quốc dân (Thụy Sĩ)|Viện Quốc dân]]
"
Thụy Sĩ,Tóm tắt về quốc gia, sovereignty_type                ,sovereignty_type," [[Lịch sử Thụy Sỹ|Độc lập]]
"
Thụy Sĩ,Tóm tắt về quốc gia, established_event1                ,established_event1," Quốc gia hình thành
"
Thụy Sĩ,Tóm tắt về quốc gia, established_date1                ,established_date1," {{Khoảng|1300}}<ref group=""Phụ chú"">Mốc đầu tiên của lời tuyên thệ [[Rütlischwur]] là vào năm 1307 ([[Aegidius Tschudi]] ghi nhận vào thế kỉ XVI) và chỉ là một trong một số các hiệp ước trong giai đoạn này. Mốc hiến chương liên bang 1291 được lựa chọn vào năm 1891 nhằm kỷ niệm chính thức liên bang 600 năm.</ref> (1 tháng 8 năm 1291 theo truyền thống)
"
Thụy Sĩ,Tóm tắt về quốc gia, established_event2                ,established_event2," [[Hòa ước Westfalen]]
"
Thụy Sĩ,Tóm tắt về quốc gia, established_date2                ,established_date2," 24 tháng 10 năm 1648
"
Thụy Sĩ,Tóm tắt về quốc gia, established_event3                ,established_event3," Khôi phục
"
Thụy Sĩ,Tóm tắt về quốc gia, established_date3                ,established_date3," 7 tháng 8 năm 1815
"
Thụy Sĩ,Tóm tắt về quốc gia, established_event4                ,established_event4," Quốc gia liên bang
"
Thụy Sĩ,Tóm tắt về quốc gia, established_date4                ,established_date4," 12 tháng 9 năm 1848<ref group=""Phụ chú"">Một tuyên ngôn trọng thể của [[Tagsatzung]] tuyên bố Hiến pháp Liên bang được thông qua vào ngày 12 tháng 9 năm 1848. Một nghị quyết của ''Tagsatzung'' vào ngày 14 tháng 9 năm 1848 xác định rằng quyền lực của các thể chế được cấp theo Hiệp định Liên bang 1815 kết thúc vào thời điểm hiến pháp của Hội đồng Liên bang có hiệu lực vào ngày 16 tháng 11 năm 1848.</ref><ref>{{HDS|9811|Federal constitution|date = ngày 3 tháng 5 năm 2011 |author=Andreas Kley}}</ref>
"
Thụy Sĩ,Tóm tắt về quốc gia, area_km2                ,area_km2," 41.285
"
Thụy Sĩ,Tóm tắt về quốc gia, area_rank                ,area_rank," 132
"
Thụy Sĩ,Tóm tắt về quốc gia, area_magnitude                ,area_magnitude," 1 E10
"
Thụy Sĩ,Tóm tắt về quốc gia, percent_water                ,percent_water," 4,2
"
Thụy Sĩ,Tóm tắt về quốc gia, population_estimate                ,population_estimate," {{IncreaseNeutral}} {{formatnum:9060598}}<ref>{{Cite web |title=Switzerland {{!}} Population counter (real-time estimate) |date=1 February 2025 |url=https://www.bfs.admin.ch/bfs/en/home/statistics/population/effectif-change.assetdetail.32175841.html |url-status=live |archive-url=https://web.archive.org/web/20250205175840/https://www.bfs.admin.ch/bfs/en/home/statistics/population/effectif-change.assetdetail.32175841.html |archive-date=5 February 2025 |access-date=5 February 2025}}</ref>
"
Thụy Sĩ,Tóm tắt về quốc gia, population_census                ,population_census," {{IncreaseNeutral}} 8,327,126<ref>{{Cite report |url=https://www.bfs.admin.ch/bfs/en/home/statistics/population.assetdetail.1401565.html |title=Switzerland's population 2015 |date=22 November 2016 |publisher=Swiss Federal Statistical Office (FSO), Swiss Confederation |issue=1 Population |location=Neuchâtel, Switzerland |access-date=7 December 2016 |archive-url=https://web.archive.org/web/20161220075134/https://www.bfs.admin.ch/bfs/en/home/statistics/population.assetdetail.1401565.html |archive-date=20 December 2016 |format=PDF |url-status=live |editor=Jacqueline Kucera |editor2=Athena Krummenacher |series=Swiss Statistics}}</ref>
"
Thụy Sĩ,Tóm tắt về quốc gia, population_estimate_year                ,population_estimate_year," 2025
"
Thụy Sĩ,Tóm tắt về quốc gia, population_estimate_rank                ,population_estimate_rank," 99
"
Thụy Sĩ,Tóm tắt về quốc gia, population_census_year                ,population_census_year," 2015
"
Thụy Sĩ,Tóm tắt về quốc gia, population_density_km2                ,population_density_km2," 207
"
Thụy Sĩ,Tóm tắt về quốc gia, population_density_rank                ,population_density_rank," 67
"
Thụy Sĩ,Tóm tắt về quốc gia, GDP_PPP                ,gdp_ppp," {{increase}} 960,599 tỷ đô la Mỹ<ref name=""IMFWEO.CH"">{{cite web |url=https://data.imf.org/en/Data-Explorer?datasetUrn=IMF.RES:WEO(9.0.0) |title=World Economic Outlook Database (April 2026 Edition) |publisher=[[Quỹ Tiền tệ Quốc tế]] |website=www.imf.org |date=14 April 2026 |access-date=18 April 2026}}</ref>
"
Thụy Sĩ,Tóm tắt về quốc gia, GDP_PPP_year                ,gdp_ppp_year," 2026
"
Thụy Sĩ,Tóm tắt về quốc gia, GDP_PPP_rank                ,gdp_ppp_rank," 37
"
Thụy Sĩ,Tóm tắt về quốc gia, GDP_PPP_per_capita                ,gdp_ppp_per_capita," {{increase}} 105.680 đô la Mỹ<ref name=""IMFWEO.CH"" />
"
Thụy Sĩ,Tóm tắt về quốc gia, GDP_PPP_per_capita_rank                ,gdp_ppp_per_capita_rank," 6
"
Thụy Sĩ,Tóm tắt về quốc gia, GDP_nominal                ,gdp_nominal," {{increase}} 1,147 nghìn tỷ đô la Mỹ<ref name=""IMFWEO.CH"" />
"
Thụy Sĩ,Tóm tắt về quốc gia, GDP_nominal_year                ,gdp_nominal_year," 2026
"
Thụy Sĩ,Tóm tắt về quốc gia, GDP_nominal_rank                ,gdp_nominal_rank," 20
"
Thụy Sĩ,Tóm tắt về quốc gia, GDP_nominal_per_capita                ,gdp_nominal_per_capita," {{increase}} 126.177 đô la Mỹ<ref name=""IMFWEO.CH"" />
"
Thụy Sĩ,Tóm tắt về quốc gia, GDP_nominal_per_capita_rank                ,gdp_nominal_per_capita_rank," 3
"
Thụy Sĩ,Tóm tắt về quốc gia, Gini                ,gini," 31,5 <!--number only-->
"
Thụy Sĩ,Tóm tắt về quốc gia, Gini_year                ,gini_year," 2023
"
Thụy Sĩ,Tóm tắt về quốc gia, Gini_change                ,gini_change," increase <!--increase/decrease/steady-->
"
Thụy Sĩ,Tóm tắt về quốc gia, Gini_ref                ,gini_ref," <ref>{{cite web |url=https://ec.europa.eu/eurostat/databrowser/view/tessi190/default/table?lang=en |title=Gini coefficient of equivalised disposable income – EU-SILC survey |publisher=[[Eurostat]] |website=ec.europa.eu |access-date=31 March 2024 |archive-date=9 October 2020 |archive-url=https://web.archive.org/web/20201009091832/https://ec.europa.eu/eurostat/databrowser/view/tessi190/default/table?lang=en |url-status=live }}</ref>
"
Thụy Sĩ,Tóm tắt về quốc gia, HDI                ,hdi," 0,970 <!--number only-->
"
Thụy Sĩ,Tóm tắt về quốc gia, HDI_year                ,hdi_year," 2023<!-- Please use the year to which the data refers, not the publication year-->
"
Thụy Sĩ,Tóm tắt về quốc gia, HDI_change                ,hdi_change," increase <!--increase/decrease/steady-->
"
Thụy Sĩ,Tóm tắt về quốc gia, HDI_ref                ,hdi_ref," <ref name=""HDI"">{{Cite web |date=6 May 2025 |title=Human Development Report 2025 |url=https://hdr.undp.org/system/files/documents/global-report-document/hdr2025reporten.pdf|url-status=live |archive-url=https://web.archive.org/web/20250506051232/https://hdr.undp.org/system/files/documents/global-report-document/hdr2025reporten.pdf |archive-date=6 May 2025 |access-date=6 May 2025 |publisher=[[United Nations Development Programme]] |language=en}}</ref>
"
Thụy Sĩ,Tóm tắt về quốc gia, HDI_rank                ,hdi_rank," 2
"
Thụy Sĩ,Tóm tắt về quốc gia, currency                ,currency," [[Franc Thụy Sĩ]] (SFr.)
"
Thụy Sĩ,Tóm tắt về quốc gia, currency_code                ,currency_code," CHF
"
Thụy Sĩ,Tóm tắt về quốc gia, time_zone                ,time_zone," [[Giờ chuẩn Trung Âu|CET]]
"
Thụy Sĩ,Tóm tắt về quốc gia, utc_offset                ,utc_offset," [[Giờ Mùa hè Trung Âu|CEST]]
"
Thụy Sĩ,Tóm tắt về quốc gia, utc_offset_DST                ,utc_offset_dst," +2
"
Thụy Sĩ,Tóm tắt về quốc gia, drives_on                ,drives_on," phải
"
Thụy Sĩ,Tóm tắt về quốc gia, cctld                ,cctld," [[.ch]], [[.swiss]]
"
Thụy Sĩ,Tóm tắt về quốc gia, calling_code                ,calling_code," +41
"
Thụy Sĩ,Tóm tắt về quốc gia, iso3166code                ,iso3166code," CH
"
Thụy Sĩ,Tóm tắt về quốc gia, ISO_3166–1_alpha2                ,iso_3166–1_alpha2," 
"
Thụy Sĩ,Tóm tắt về quốc gia, ISO_3166–1_alpha3                ,iso_3166–1_alpha3," 
"
Thụy Sĩ,Tóm tắt về quốc gia, sport_code                ,sport_code," 
"
Thụy Sĩ,Tóm tắt về quốc gia, vehicle_code                ,vehicle_code," 
"
Thụy Sĩ,Tóm tắt về quốc gia, footnotes                ,footnotes," 
"
Thụy Sĩ,Tóm tắt về quốc gia, demonym                ,demonym," 
"
Thụy Sĩ,Tóm tắt về quốc gia, today                ,today," 
"
