page_id,title_vi,canonical_field,label_vi,wiki_title,has_wiki_title
151863,Việt Nam,capital,Hà Nội,Hà Nội,True
151863,Việt Nam,currencies,Đồng,Đồng (tiền),True
151863,Việt Nam,official_languages,Tiếng Việt,Tiếng Việt,True
362397,Nhật Bản,capital,Tokyo,Tokyo,True
362397,Nhật Bản,currencies,Yên,Yên Nhật,True
24477,Singapore,currencies,Đô la Singapore,Đô la Singapore,True
24477,Singapore,official_languages,Tiếng Anh,Tiếng Anh Singapore,True
24477,Singapore,official_languages,Tiếng Mã Lai,Tiếng Mã Lai,True
24477,Singapore,official_languages,Tiếng Hoa,Tiếng Hoa Singapore,True
24477,Singapore,official_languages,Tiếng Tamil,Tiếng Tamil,True
17669,Cộng hòa Nam Phi,capital,Pretoria,Pretoria,True
17669,Cộng hòa Nam Phi,capital,Cape Town,Cape Town,True
17669,Cộng hòa Nam Phi,capital,Bloemfontein,Bloemfontein,True
17669,Cộng hòa Nam Phi,currencies,Rand Nam Phi,Rand Nam Phi,True
17669,Cộng hòa Nam Phi,official_languages,Tiếng Afrikaans,Tiếng Afrikaans,True
17669,Cộng hòa Nam Phi,official_languages,Tiếng Anh,Tiếng Anh Nam Phi,True
17669,Cộng hòa Nam Phi,official_languages,Tiếng Nam Ndebele,Tiếng Nam Ndebele,True
17669,Cộng hòa Nam Phi,official_languages,Tiếng Pedi,Tiếng Pedi,True
17669,Cộng hòa Nam Phi,official_languages,Tiếng Sotho,Tiếng Sotho,True
17669,Cộng hòa Nam Phi,official_languages,Tiếng Tswana,Tiếng Tswana,True
17669,Cộng hòa Nam Phi,official_languages,Ngôn ngữ ký hiệu Nam Phi,Ngôn ngữ ký hiệu Nam Phi,True
17669,Cộng hòa Nam Phi,official_languages,Tiếng Swazi,Tiếng Swazi,True
17669,Cộng hòa Nam Phi,official_languages,Tiếng Venda,Tiếng Venda,True
17669,Cộng hòa Nam Phi,official_languages,Tiếng Xhosa,Tiếng Xhosa,True
17669,Cộng hòa Nam Phi,official_languages,Tiếng Tsonga,Tiếng Tsonga,True
17669,Cộng hòa Nam Phi,official_languages,Tiếng Zulu,Tiếng Zulu,True
5185,Thụy Sĩ,capital,Bern,Bern,True
5185,Thụy Sĩ,currencies,Franc Thụy Sĩ,Franc Thụy Sĩ,True
5185,Thụy Sĩ,official_languages,Tiếng Đức,Tiếng Đức,True
5185,Thụy Sĩ,official_languages,Pháp,tiếng Pháp,True
5185,Thụy Sĩ,official_languages,Ý,tiếng Ý,True
5185,Thụy Sĩ,official_languages,Romansh,tiếng Romansh,True
30160,Malaysia,capital,Kuala Lumpur,Kuala Lumpur,True
30160,Malaysia,currencies,Ringgit,Ringgit,True
30160,Malaysia,official_languages,Tiếng Malaysia,Tiếng Malaysia,True
38179,Kenya,capital,Nairobi,Nairobi,True
38179,Kenya,currencies,Shilling Kenya,Shilling Kenya,True
38179,Kenya,official_languages,Tiếng Swahili,Tiếng Swahili,True
38179,Kenya,official_languages,Tiếng Anh,Tiếng Anh,True
37564,Cabo Verde,capital,Praia,Praia,True
37564,Cabo Verde,currencies,Escudo Cabo Verde,Escudo Cabo Verde,True
37564,Cabo Verde,official_languages,Tiếng Bồ Đào Nha,Tiếng Bồ Đào Nha,True
38222,Zambia,capital,Lusaka,Lusaka,True
38222,Zambia,currencies,Kwacha Zambia,Kwacha Zambia,True
38222,Zambia,official_languages,Tiếng Anh,Tiếng Anh,True
29600,Cuba,capital,La Habana,La Habana,True
29600,Cuba,currencies,Peso Cuba,Peso Cuba,True
29600,Cuba,official_languages,Tiếng Tây Ban Nha,Tiếng Tây Ban Nha Cuba,True
39575,Gruzia,capital,Tbilisi,Tbilisi,True
39575,Gruzia,currencies,Lari Gruzia,Lari Gruzia,True
39575,Gruzia,official_languages,Tiếng Gruzia,Tiếng Gruzia,True
38772,Croatia,capital,Zagreb,Zagreb,True
38772,Croatia,currencies,Euro,Euro,True
38772,Croatia,official_languages,Tiếng Croatia,Tiếng Croatia,True
27667,Brasil,capital,Brasília,Brasília,True
27667,Brasil,currencies,Real Brasil,Real Brasil,True
27667,Brasil,official_languages,Tiếng Bồ Đào Nha,Tiếng Bồ Đào Nha,True
45377,Tunisia,capital,Tunis,Tunis,True
45377,Tunisia,currencies,Dinar Tunisia,Dinar Tunisia,True
45377,Tunisia,official_languages,Tiếng Ả Rập,Tiếng Ả Rập chuẩn,True
37121,Sudan,capital,Khartoum,Khartoum,True
37121,Sudan,currencies,Bảng Sudan,Bảng Sudan,True
37121,Sudan,official_languages,Tiếng Ả Rập,Tiếng Ả Rập,True
37121,Sudan,official_languages,Tiếng Anh,Tiếng Anh,True
49103,Đài Loan,capital,Đài Bắc,Đài Bắc,True
49103,Đài Loan,currencies,Tân Đài tệ,Tân Đài tệ,True
38325,Grenada,capital,St. George's,"St. George's, Grenada",True
38325,Grenada,currencies,Đô la Đông Caribe,Đô la Đông Caribe,True
38325,Grenada,official_languages,Tiếng Anh,,False
51249,Sénégal,capital,Dakar,Dakar,True
51249,Sénégal,currencies,Franc CFA Tây Phi,Franc CFA Tây Phi,True
51249,Sénégal,official_languages,Tiếng Pháp,Tiếng Pháp,True
71,Iraq,capital,Bagdad,Bagdad,True
71,Iraq,currencies,Đồng dinar của Iraqi,Đồng dinar của Iraqi,True
71,Iraq,official_languages,Ả Rập,Tiếng Ả Rập chuẩn,True
71,Iraq,official_languages,Kurd,Tiếng Kurd,True
2093,Hà Lan,capital,Amsterdam,Amsterdam,True
2093,Hà Lan,currencies,Euro,Euro,True
2093,Hà Lan,currencies,đô la Mỹ,đô la Mỹ,True
2093,Hà Lan,official_languages,Tiếng Hà Lan,Tiếng Hà Lan,True
