page_id,title_vi,abstract_vi,source_url,revision_id,revision_timestamp,retrieved_at,wikidata_id,english_title,english_wikipedia_url,english_dbpedia_candidate,capital,population_total,area_km2,currencies,official_languages,calling_codes
151863,Việt Nam,"Việt Nam, quốc hiệu đầy đủ là Cộng hòa xã hội chủ nghĩa Việt Nam, là một quốc gia nằm ở cực Đông của bán đảo Đông Dương thuộc khu vực Đông Nam Á, giáp với Lào, Campuchia, Trung Quốc, biển Đông và vịnh Thái Lan.
Lãnh thổ Việt Nam xuất hiện con người sinh sống từ thời đại đồ đá cũ, khởi đầu với các nhà nước Văn Lang, Âu Lạc. Âu Lạc bị nhà Triệu ở phương Bắc thôn tính vào đầu thế kỷ thứ 2 TCN sau đó là thời kỳ Bắc thuộc kéo dài hơn một thiên niên kỷ. Chế độ quân chủ độc lập được tái lập sau chiến thắng của Ngô Quyền trước nhà Nam Hán, mở đường cho các triều đại độc lập kế tục, nhiều lần chiến thắng trước các cuộc chiến tranh xâm lược từ phương Bắc đồng thời dần mở rộng về phía nam. Thời kỳ Bắc thuộc cuối cùng kết thúc sau chiến thắng trước nhà Minh của nghĩa quân Lam Sơn.
Đến thời cận đại, Việt Nam lần lượt trải qua các giai đoạn Pháp thuộc và Nhật thuộc. Sau khi đánh bại và buộc Nhật Bản đầu hàng, khối Đồng Minh tạo điều kiện cho Pháp thu hồi Liên bang Đông Dương. Kết thúc Thế chiến II, Việt Nam chịu sự can thiệp của các nước Đồng Minh bao gồm Anh, Pháp (miền Nam), Trung Hoa Dân Quốc (miền Bắc). Nhà nước Việt Nam Dân chủ Cộng hòa do Việt Minh lãnh đạo ra đời khi Hồ Chí Minh tuyên bố độc lập vào ngày 2 tháng 9 năm 1945 sau thành công của Cách mạng Tháng Tám và chiến thắng Liên hiệp Pháp cùng Quốc gia Việt Nam do Pháp hậu thuẫn trong chiến tranh Đông Dương lần thứ nhất. Sự kiện này dẫn tới Hiệp định Genève (1954) được ký kết và Việt Nam bị chia cắt thành hai vùng tập kết quân sự, lấy ranh giới là vĩ tuyến 17. Việt Nam Dân chủ Cộng hòa kiểm soát phần phía bắc còn phía nam do Việt Nam Cộng hòa (nhà nước kế tục Quốc gia Việt Nam) kiểm soát và được Hoa Kỳ hậu thuẫn. Xung đột về thống nhất lãnh thổ đã dẫn tới chiến tranh Việt Nam với sự can thiệp của nhiều nước và kết thúc với chiến thắng của Việt Nam Dân chủ Cộng hòa, Mặt trận Dân tộc Giải phóng miền Nam Việt Nam cùng sự sụp đổ của Việt Nam Cộng hòa vào năm 1975. Chủ quyền phần phía Nam được chính quyền Cộng hòa miền Nam Việt Nam (do Mặt trận Dân tộc Giải phóng miền Nam Việt Nam thành lập) giành quyền kiểm soát. Năm 1976, Việt Nam Dân chủ Cộng hòa và Cộng hòa miền Nam Việt Nam thống nhất thành Cộng hòa xã hội chủ nghĩa Việt Nam.
Sau khi tái thống nhất, Việt Nam tiếp tục gặp khó khăn do sự sụp đổ và tan rã của đồng minh Liên Xô cùng Khối phía Đông, các lệnh cấm vận của Hoa Kỳ, chiến tranh Đông Dương lần ba và hậu quả của chính sách bao cấp sau nhiều năm áp dụng. Năm 1986, Đảng Cộng sản Việt Nam ban hành cải cách đổi mới, xây dựng kinh tế thị trường và hội nhập sâu rộng. Cải cách kinh tế cùng quy mô dân số lớn đưa Việt Nam trở thành một trong những nước đang phát triển có tốc độ tăng trưởng thuộc nhóm nhanh nhất thế giới, được coi là Hổ mới châu Á dù cho vẫn gặp phải những thách thức như tham nhũng và phúc lợi xã hội chưa đầy đủ. Ngoài ra, giới bất đồng chính kiến và các tổ chức theo dõi nhân quyền có quan điểm chỉ trích hồ sơ nhân quyền của Việt Nam liên quan đến các vấn đề tôn giáo, kiểm duyệt truyền thông và tự do dân sự.

",https://vi.wikipedia.org/wiki/Vi%E1%BB%87t_Nam,75589624,2026-09-26T10:01:46Z,2026-09-28T11:10:52.977437Z,Q881,Vietnam,https://en.wikipedia.org/wiki/Vietnam,http://dbpedia.org/resource/Vietnam,"[{""label_vi"": ""Hà Nội"", ""wiki_title"": ""Hà Nội""}]",102300000.0,331212.0,"[{""label_vi"": ""Đồng"", ""wiki_title"": ""Đồng (tiền)""}]","[{""label_vi"": ""Tiếng Việt"", ""wiki_title"": ""Tiếng Việt""}]","[""+84""]"
362397,Nhật Bản,"Nhật Bản (Nhật: 日本, Hepburn:  hoặc ), tên đầy đủ là Nhật Bản Quốc (日本国, Nihon-koku hoặc Nippon-koku), là một quốc gia và đảo quốc ở khu vực Đông Á, nằm bên rìa phía đông của biển Nhật Bản và biển Hoa Đông, phía tây giáp với bán đảo Triều Tiên qua biển Nhật Bản, phía bắc giáp với vùng Viễn Đông của Nga qua biển Okhotsk và phía nam giáp với đảo Đài Loan qua biển Hoa Đông. Nhật Bản là một phần của vành đai lửa và trải dài trên một quần đảo bao gồm 6852 đảo nhỏ; trong đó 5 hòn đảo chính bao gồm Hokkaido, Honshu, Shikoku, Kyushu, và Okinawa. Nhật Bản hiện nay không có thủ đô chính thức về mặt pháp lý mặc dù Tokyo; đô thị lớn nhất, thường được coi như là thủ đô cũng như là trung tâm văn hoá, chính trị và kinh tế. Các thành phố lớn khác bao gồm có Yokohama, Osaka, Nagoya, Sapporo, Fukuoka, Kobe và Kyoto.
Nhật Bản là quốc gia đông thứ 12 thế giới, đồng thời là một trong những quốc gia có mật độ dân số và đô thị hóa cao nhất. Khoảng 3/4 địa hình của Nhật Bản là đồi núi, chia thành 47 tỉnh thuộc 8 vùng địa lý. Vùng thủ đô Tokyo là đại đô thị đông dân nhất thế giới.
Con người đã định cư tại Nhật Bản ngay từ thời thời đại đồ đá cũ. Những ghi chép đầu tiên đề cập đến quốc gia này nằm trong các thư liệu về lịch sử Trung Hoa có từ thế kỷ 1 sau Công Nguyên. Thoạt đầu, văn hóa Nhật Bản chịu ảnh hưởng từ các vùng đất khác trong đó chủ yếu là Trung Hoa, tiếp đến là giai đoạn phong kiến chuyên chế tương tự các nước láng giềng trước khi hình thành những nét văn hóa riêng biệt. Từ thế kỷ 12 đến năm 1868 là thời kỳ Edo. Quốc gia này bước vào quá trình tự cô lập kéo dài trong suốt nửa đầu thế kỷ 17 và kết thúc vào năm 1853. Gần hai thập kỷ kế tiếp là các cuộc nội chiến và bạo loạn trước khi Thiên hoàng Minh Trị lên ngôi, bắt đầu công cuộc tái thiết; khai sinh Đế quốc Nhật Bản và bắt đầu xâm chiếm Triều Tiên, Trung Quốc và Thái Bình Dương. Năm 1937, Nhật Bản tham chiến trong chiến tranh thế giới thứ hai với tư cách là một đồng minh của phe Trục, các cuộc chiến tranh Trung - Nhật (1937) cùng chiến tranh Thái Bình Dương đã nhanh chóng lan rộng từ năm 1941 và kết thúc vào năm 1945 với sự đầu hàng vô điều kiện của chính phủ quân phiệt sau vụ ném bom nguyên tử xuống Hiroshima và Nagasaki của Hoa Kỳ. Sau chiến tranh, Nhật Bản từ bỏ quyền tuyên chiến, chính phủ quân chủ chuyên chế bị bãi bỏ và chế độ quân chủ lập hiến được thông qua.
Nhật Bản ngày nay là thành viên của nhiều tổ chức quốc tế như Liên Hợp Quốc, OECD, G20 và G7. Sau chiến tranh, Nhật Bản có mức độ tăng trưởng kinh tế thần tốc trước khi trở nên trì trệ từ năm 1995. Năm 2025, nền kinh tế Nhật Bản lớn thứ 5 thế giới theo GDP danh nghĩa cũng như thứ 5 theo PPP. Nhật Bản được xếp hạng rất cao trong chỉ số phát triển con người đồng thời có tuổi thọ trung bình cao nhất thế giới, tuy nhiên nước này đang gặp phải vấn đề già hóa dân số và sự suy giảm nhân khẩu do mức sinh quá thấp cũng như tỷ lệ tự sát cao.",https://vi.wikipedia.org/wiki/Nh%E1%BA%ADt_B%E1%BA%A3n,75553631,2026-09-15T03:42:27Z,2026-09-28T11:10:52.982759Z,Q17,Japan,https://en.wikipedia.org/wiki/Japan,http://dbpedia.org/resource/Japan,"[{""label_vi"": ""Tokyo"", ""wiki_title"": ""Tokyo""}]",122950000.0,377975.0,"[{""label_vi"": ""Yên"", ""wiki_title"": ""Yên Nhật""}]",[],"[""+81""]"
24477,Singapore,"Singapore (tiếng Mã Lai: Singapura, tiếng Trung: 新加坡; Hán-Việt: Tân Gia Ba; bính âm: Xīnjiāpō, tiếng Tamil: சிங்கப்பூர், Latinh hoá: Ciṅkappūr), quốc hiệu là Cộng hòa Singapore, là một đảo quốc và thành quốc có chủ quyền ở Đông Nam Á, nằm ngoài khơi về mũi phía nam của bán đảo Mã Lai và cách đường xích đạo 137 km về phía bắc. Lãnh thổ Singapore bao gồm có một đảo chính hình thoi và khoảng 60 đảo nhỏ hơn. Singapore tách biệt với bán đảo Malaysia qua eo biển Johor ở phía bắc cũng như tách biệt với quần đảo Riau của Indonesia qua eo biển Singapore ở phía nam. Singapore là quốc gia có mức độ đô thị hóa rất cao, chỉ còn lại số lượng ít thảm thực vật nguyên sinh. Lãnh thổ của Singapore hiện đang liên tục được mở rộng thông qua các hoạt động cải tạo và lấn biển.
Các hòn đảo của Singapore có con người định cư lần đầu tiên vào thế kỷ thứ II TCN và sau đó thuộc một số quốc gia bản địa. Năm 1819, chính trị gia người Anh Stamford Raffles đã thành lập nên Nhà nước Singapore hiện đại với vai trò là một trạm mậu dịch của Công ty Đông Ấn Anh, hành động này được Vương quốc Johor chấp thuận. Anh Quốc sau đó giành được chủ quyền đối với hòn đảo vào năm 1824 và Singapore trở thành một trong Các khu định cư Eo biển của Đế quốc Anh vào năm 1826. Trong những năm sau đó, với sự phát triển mạnh mẽ của thương mại quốc tế và vận tải biển, Singapore phát triển nhanh chóng. Đến đầu những năm 1900, Singapore đã trở thành một thành phố tầm cỡ quốc tế hiện đại và phồn thịnh nhất trong khu vực Đông Nam Á.
Đế quốc Nhật Bản chiếm đóng Singapore một thời gian ngắn trong Chiến tranh thế giới thứ hai, sau chiến tranh, Singapore tuyên bố độc lập từ Anh Quốc vào năm 1963 và hợp nhất với các cựu lãnh thổ khác của Anh để hình thành Liên bang Malaysia. Tuy nhiên chỉ sau đó hai năm (1965), Singapore bị khai trừ khỏi Malaysia và trở thành một quốc gia độc lập riêng, một trường hợp ""bị độc lập"" hiếm hoi trên thế giới.
Singapore là một nước cộng hòa nghị viện đa đảng nhất thể, xây dựng chính phủ nghị viện nhất viện theo Hệ thống Westminster theo hình mẫu của Anh. Đảng Hành động Nhân dân giành chiến thắng trong tất cả các cuộc bầu cử kể từ khi Singapore tự trị vào năm 1959. Hiện nay, hơn 5 triệu cư dân đang sinh sống tại Singapore. Singapore được coi là một quốc gia của người nhập cư với nhiều thành phần dân tộc đa dạng, song các dân tộc gốc Á chiếm ưu thế với 75% dân số là người gốc Hoa, các cộng đồng thiểu số đáng kể là người Mã Lai, Ấn Độ. Quốc gia này có bốn ngôn ngữ chính thức là tiếng Anh, tiếng Mã Lai, tiếng Hoa và tiếng Tamil.
Singapore là thành viên của các tổ chức quốc tế lớn như ASEAN APEC, Hội nghị cấp cao Đông Á, Phong trào không liên kết, Khối Thịnh vượng chung và có chỉ số phát triển con người rất cao. Quốc gia này là một trong những trung tâm thương mại lớn nhất của thế giới với vị thế là trung tâm tài chính lớn thứ 4 và là một trong 5 cảng biển bận rộn nhất trên toàn cầu. Nền kinh tế mang tính toàn cầu hóa và đa dạng của Singapore phụ thuộc nhiều vào mậu dịch, đặc biệt là xuất khẩu, thương mại và công nghiệp chế tạo, chiếm 26% GDP vào năm 2005.",https://vi.wikipedia.org/wiki/Singapore,75461281,2026-08-20T09:50:53Z,2026-09-28T11:10:52.983915Z,Q334,Singapore,https://en.wikipedia.org/wiki/Singapore,http://dbpedia.org/resource/Singapore,[],6110200.0,744.3,"[{""label_vi"": ""Đô la Singapore"", ""wiki_title"": ""Đô la Singapore""}]","[{""label_vi"": ""Tiếng Anh"", ""wiki_title"": ""Tiếng Anh Singapore""}, {""label_vi"": ""Tiếng Mã Lai"", ""wiki_title"": ""Tiếng Mã Lai""}, {""label_vi"": ""Tiếng Hoa"", ""wiki_title"": ""Tiếng Hoa Singapore""}, {""label_vi"": ""Tiếng Tamil"", ""wiki_title"": ""Tiếng Tamil""}]","[""+65""]"
17669,Cộng hòa Nam Phi,"Nam Phi, quốc hiệu là Cộng hòa Nam Phi, là một quốc gia nằm ở mũi phía nam châu Phi, giáp Namibia, Botswana, Zimbabwe, Mozambique, Eswatini, và bao quanh toàn bộ Lesotho. Nam Phi là thành viên Khối Thịnh vượng chung.
Người nhập cư châu Âu bắt đầu tới Nam Phi ngay sau khi Công ty Đông Ấn Hà Lan thành lập một điểm đồn trú sau này trở thành mũi Hảo Vọng năm 1652. Nam Phi có cơ sở hạ tầng khá phát triển giúp trữ lượng tài nguyên khoáng sản phong phú và có giá trị cao tiếp cận tới thị trường phương Tây, đặc biệt trong suốt thế kỷ mười chín, khi cuộc cạnh tranh diễn ra khốc liệt giữa các đối thủ thời Chiến tranh Lạnh. Nam Phi là quốc gia đa sắc tộc, với các cộng đồng người da trắng, người Ấn Độ, và người da màu lớn nhất tại châu Phi. Người da đen Nam Phi, nói chín ngôn ngữ được công nhận chính thức và nhiều thổ ngữ khác, chiếm gần 80% dân số.
Sự xung đột giữa thiểu số da trắng và đa số da đen đóng một vai trò quan trọng trong lịch sử và chính trị Nam Phi, lên cực đỉnh thành chế độ apartheid, được Đảng Quốc gia Nam Phi ghi thành hiến pháp năm 1948 (dù sự phân biệt chủng tộc đã tồn tại từ trước đó). Chế độ apartheid bị bãi bỏ vào năm 1990 sau một cuộc xung đột kéo dài và thỉnh thoảng đầy tính bạo lực (gồm cả những biện pháp cấm vận từ cộng đồng thế giới) của cộng đồng đa số da đen cũng như nhiều người da trắng, da màu và người Ấn Độ tại Nam Phi.
Những cuộc bầu cử thường xuyên được tổ chức trong gần một thế kỷ, nhưng đa số người Nam Phi da đen vẫn không có quyền bỏ phiếu cho tới tận năm 1994. Kinh tế Nam Phi là nền kinh tế lớn nhất và phát triển nhất lục địa, với cơ sở hạ tầng hiện đại và rộng khắp đất nước và là quốc gia châu Phi duy nhất có trong G20.
Nam Phi đăng cai tổ chức và giành chiến thắng giải Cúp bóng đá châu Phi 1996. Nam Phi cũng thường được gọi là ""Quốc gia cầu vồng"", một thuật ngữ do Tổng giám mục Desmond Tutu đưa ra và được Tổng thống Nam Phi Nelson Mandela chấp nhận. Tổng thống Mandela dùng thuật ngữ ""Quốc gia Cầu vồng"" để miêu tả sự đa dạng văn hoá mới phát triển sau khi chế độ aparthied bị bãi bỏ. Tới năm 2007, Nam Phi là nước thứ năm trên thế giới và đầu tiên tại châu Phi hợp pháp hóa hôn nhân đồng tính sau Bỉ, Hà Lan, Tây Ban Nha, Canada. Nam Phi là quốc gia tổ chức Giải vô địch bóng đá thế giới 2010. Đây là lần đầu tiên sự kiện này được tổ chức tại châu Phi.",https://vi.wikipedia.org/wiki/C%E1%BB%99ng_h%C3%B2a_Nam_Phi,75594766,2026-09-28T02:59:32Z,2026-09-28T11:10:52.984820Z,Q258,South Africa,https://en.wikipedia.org/wiki/South_Africa,http://dbpedia.org/resource/South_Africa,"[{""label_vi"": ""Pretoria"", ""wiki_title"": ""Pretoria""}, {""label_vi"": ""Cape Town"", ""wiki_title"": ""Cape Town""}, {""label_vi"": ""Bloemfontein"", ""wiki_title"": ""Bloemfontein""}]",63015904.0,1221037.0,"[{""label_vi"": ""Rand Nam Phi"", ""wiki_title"": ""Rand Nam Phi""}]","[{""label_vi"": ""Tiếng Afrikaans"", ""wiki_title"": ""Tiếng Afrikaans""}, {""label_vi"": ""Tiếng Anh"", ""wiki_title"": ""Tiếng Anh Nam Phi""}, {""label_vi"": ""Tiếng Nam Ndebele"", ""wiki_title"": ""Tiếng Nam Ndebele""}, {""label_vi"": ""Tiếng Pedi"", ""wiki_title"": ""Tiếng Pedi""}, {""label_vi"": ""Tiếng Sotho"", ""wiki_title"": ""Tiếng Sotho""}, {""label_vi"": ""Tiếng Tswana"", ""wiki_title"": ""Tiếng Tswana""}, {""label_vi"": ""Ngôn ngữ ký hiệu Nam Phi"", ""wiki_title"": ""Ngôn ngữ ký hiệu Nam Phi""}, {""label_vi"": ""Tiếng Swazi"", ""wiki_title"": ""Tiếng Swazi""}, {""label_vi"": ""Tiếng Venda"", ""wiki_title"": ""Tiếng Venda""}, {""label_vi"": ""Tiếng Xhosa"", ""wiki_title"": ""Tiếng Xhosa""}, {""label_vi"": ""Tiếng Tsonga"", ""wiki_title"": ""Tiếng Tsonga""}, {""label_vi"": ""Tiếng Zulu"", ""wiki_title"": ""Tiếng Zulu""}]","[""+27""]"
5185,Thụy Sĩ,"Thụy Sĩ (còn được viết là Thụy Sỹ), tên đầy đủ là Liên bang Thụy Sĩ, là một nước cộng hòa liên bang tại châu Âu. Quốc gia này gồm có 26 bang, và thành phố Bern là nơi đặt trụ sở nhà đương cục liên bang. Quốc gia này nằm tại Tây – Trung Âu, có biên giới với Ý về phía nam, với Pháp về phía tây, với Đức về phía bắc, và với Áo cùng Liechtenstein về phía đông. Thụy Sĩ là quốc gia không giáp biển, có tổng diện tích 41.285 km² và về địa lí bao gồm dãy Alps, cao nguyên Thụy Sĩ và dãy Jura. Mặc dù dãy Alps chiếm phần lớn diện tích lãnh thổ quốc gia, song khoảng 8 triệu dân Thụy Sĩ hầu hết tập trung tại khu vực cao nguyên. Các thành phố lớn nhất toàn quốc cũng nằm tại khu vực cao nguyên, trong đó có hai thành phố toàn cầu và trung tâm kinh tế là Zurich và Geneva.
Mốc thành lập Cựu Liên bang Thụy Sĩ là vào thời kì Trung Cổ, là kết quả từ một loạt thắng lợi quân sự chống lại Áo và Burgandy. Thụy Sĩ được chính thức công nhận độc lập từ Thánh chế La Mã theo Hòa ước Westfalen vào năm 1648. Thụy Sĩ có lịch sử trung lập về quân sự từ thời kì Cải cách Tin Lành; quốc gia này không nằm trong tình trạng chiến tranh trên bình diện quốc tế từ năm 1815 và không gia nhập Liên Hợp Quốc cho đến năm 2002. Tuy thế, Thụy Sỹ theo đuổi chính sách đối ngoại tích cực và thường xuyên tham gia vào các tiến trình kiến tạo hòa bình trên toàn cầu. Thụy Sĩ là nơi khai sinh của tổ chức Chữ thập đỏ, là nơi đặt trụ sở của nhiều tổ chức quốc tế, trong đó có văn phòng lớn thứ nhì của Liên Hợp Quốc. Trên cấp độ châu Âu, Thụy Sĩ là một thành viên sáng lập của Hiệp hội Mậu dịch tự do châu Âu, song không phải là thành viên của Liên minh châu Âu và Khu vực kinh tế châu Âu. Tuy nhiên, Thụy Sĩ tham gia Khu vực Schengen và Thị trường chung châu Âu thông qua các hiệp định song phương.
Thụy Sĩ nằm tại nơi giao nhau của châu Âu German và châu Âu La Tinh, có bốn khu vực ngôn ngữ và văn hóa: Đức, Pháp, Ý và Romansh. Đa số dân chúng nói tiếng Đức, song bản sắc dân tộc Thụy Sỹ bắt nguồn từ một bối cảnh lịch sử chung, chia sẻ các giá trị như chủ nghĩa liên bang và dân chủ trực tiếp, và chủ nghĩa tượng trưng Alpes. Do đa dạng về ngôn ngữ, Thụy Sỹ có nhiều tên gọi bản địa: Schweiz [ˈʃvaɪts] (tiếng Đức); Suisse [sɥis(ə)] (tiếng Pháp); Svizzera [ˈzvittsera] (tiếng Ý); và Svizra [ˈʒviːtsrɐ] hoặc [ˈʒviːtsʁːɐ] (Romansh). Trên tiền xu và tem bưu chính, tên gọi trong tiếng Latinh (thường được rút ngắn thành ""Helvetia"") được sử dụng thay vì bốn ngôn ngữ chính thức. Tiền tệ của vùng đất chocolate - sô cô la là Franc.
Thụy Sĩ nằm trong số các quốc gia phát triển nhất trên thế giới, có của cải bình quân cao nhất (2010) và GDP PPP bình quân cao thứ 8 theo IMF (2011). Thụy Sỹ nằm vào hàng đứng đầu toàn cầu trên một vài số liệu về thành tựu quốc gia, bao gồm tính minh bạch chính phủ, tự do dân sự, chất lượng sinh hoạt, tính cạnh tranh kinh tế và phát triển con người. Zürich và Genève nằm trong số các thành phố đứng đầu thế giới về chất lượng sinh hoạt, theo Mercer năm 2009.

",https://vi.wikipedia.org/wiki/Th%E1%BB%A5y_S%C4%A9,75474393,2026-08-23T15:37:01Z,2026-09-28T11:10:52.985674Z,Q39,Switzerland,https://en.wikipedia.org/wiki/Switzerland,http://dbpedia.org/resource/Switzerland,"[{""label_vi"": ""Bern"", ""wiki_title"": ""Bern""}]",9060598.0,41285.0,"[{""label_vi"": ""Franc Thụy Sĩ"", ""wiki_title"": ""Franc Thụy Sĩ""}]","[{""label_vi"": ""Tiếng Đức"", ""wiki_title"": ""Tiếng Đức""}, {""label_vi"": ""Pháp"", ""wiki_title"": ""tiếng Pháp""}, {""label_vi"": ""Ý"", ""wiki_title"": ""tiếng Ý""}, {""label_vi"": ""Romansh"", ""wiki_title"": ""tiếng Romansh""}]","[""+41""]"
30160,Malaysia,"Malaysia là một quốc gia quân chủ lập hiến liên bang tại Đông Nam Á, lãnh thổ bao gồm 13 bang và ba lãnh thổ liên bang với tổng diện tích là 330,803 km². Malaysia bị tách làm hai phần thông qua biển Đông thành Malaysia bán đảo và Đông Malaysia trên đảo Borneo. Malaysia bán đảo có biên giới trên bộ và trên biển với Thái Lan, và có biên giới trên biển với Indonesia, Việt Nam và Singapore. Đông Malaysia có biên giới trên bộ và trên biển với Brunei, Indonesia, có biên giới trên biển với Việt Nam và Philippines, và giáp biên giới với Campuchia qua Vịnh Thái Lan. Thủ đô là Kuala Lumpur, nhưng trụ sở của chính phủ liên bang được đặt tại Putrajaya. Năm 2020, dân số Malaysia ước tính là 32,44 triệu người, 22,6 triệu sinh sống tại Malaysia bán đảo. Malaysia có điểm cực nam của lục địa Á-Âu là Tanjung Piai. Malaysia là một quốc gia nhiệt đới và là một trong 17 quốc gia đa dạng sinh học nhất trên thế giới với nhiều loài đặc hữu.
Malaysia bắt nguồn từ các vương quốc Mã Lai hiện diện trong khu vực và từ thế kỷ 18, các vương quốc này bắt đầu lệ thuộc vào Đế quốc Anh. Các lãnh thổ đầu tiên của Anh được gọi là các khu định cư Eo biển. Các lãnh thổ tại Malaysia bán đảo được hợp nhất thành Liên hiệp Malaya vào năm 1946. Malaya được cải tổ thành Liên bang Malaya vào năm 1948 và trở thành nước độc lập vào ngày 31 tháng 8 năm 1957. Malaya hợp nhất với Bắc Borneo, Sarawak và Singapore vào ngày 16 tháng 9 năm 1963 thành Malaysia. Tuy nhiên, đến năm 1965, Singapore bị trục xuất khỏi liên bang.
Malaysia là một quốc gia đa dân tộc và văn hóa, đặc điểm này đóng một vai trò lớn trong hệ thống chính trị quốc gia. Hồi giáo là quốc giáo nhưng quyền tự do tôn giáo được đảm bảo. Nhà nước của Malaysia có mô hình gần với hệ thống Westminster và hệ thống pháp luật dựa trên thông luật kiểu Anh Quốc. Quốc vương là nguyên thủ quốc gia, được chọn từ các quân chủ kế tập của chín bang Mã Lai theo chế độ quân chủ, thay đổi sau mỗi 5 năm. Thủ tướng là người đứng đầu chính phủ liên bang.
Sau khi giành độc lập, Malaysia trở thành một trong những nước có nền kinh tế phát triển nhanh và bền vững nhất tại châu Á, GDP tăng trưởng liên tục, trung bình ở mức 6,5% trong gần 50 năm liên tiếp, chỉ số phát triển con người đạt mức rất cao. Về truyền thống, yếu tố thúc đẩy cho kinh tế Malaysia là các nguồn tài nguyên thiên nhiên, song, quốc gia này hiện cũng đang rất phát triển trong các lĩnh vực công nghiệp nặng, khoa học ứng dụng, du lịch, thương mại và y tế. Hiện tại, Malaysia có một nền kinh tế thị trường công nghiệp mới, có GDP danh nghĩa lớn thứ 3 tại Đông Nam Á sau Thái Lan và Indonesia qua nhiều năm. Malaysia là thành viên Hiệp hội các quốc gia Đông Nam Á, Hội nghị cấp cao Đông Á, Tổ chức Hợp tác Hồi giáo, Liên Hợp Quốc, Tổ chức Thương mại Thế giới, Diễn đàn Hợp tác Kinh tế châu Á - Thái Bình Dương, Khối Thịnh vượng chung và Phong trào không liên kết.",https://vi.wikipedia.org/wiki/Malaysia,75558824,2026-09-16T23:24:56Z,2026-09-29T04:38:47.293063Z,Q833,Malaysia,https://en.wikipedia.org/wiki/Malaysia,http://dbpedia.org/resource/Malaysia,"[{""label_vi"": ""Kuala Lumpur"", ""wiki_title"": ""Kuala Lumpur""}]",34564810.0,330803.0,"[{""label_vi"": ""Ringgit"", ""wiki_title"": ""Ringgit""}]","[{""label_vi"": ""Tiếng Malaysia"", ""wiki_title"": ""Tiếng Malaysia""}]","[""+60""]"
38179,Kenya,"Kenya, quốc hiệu là Cộng hòa Kenya, là một quốc gia ở Đông Phi. Với dân số ước tính là 52,4 triệu người tính đến giữa năm 2024, Kenya là quốc gia đông dân thứ 27 trên thế giới và quốc gia đông dân thứ 7 ở châu Phi. Thủ đô và thành phố lớn nhất của Kenya là Nairobi. Thành phố lớn thứ hai và là thành phố lâu đời nhất của Kenya là Mombasa, một thành phố cảng lớn trên Đảo Mombasa. Những thành phố quan trọng khác ở Kenya bao gồm Kisumu, Nakuru và Eldoret. Kenya giáp Nam Sudan về phía tây bắc (chủ yếu là vùng Tam giác Ilemi tranh chấp), Ethiopia về phía bắc, Somalia về phía đông, Ấn Độ Dương về phía đông nam, Tanzania về phía tây nam và Hồ Victoria và Uganda về phía tây.",https://vi.wikipedia.org/wiki/Kenya,75548198,2026-09-13T07:22:29Z,2026-09-29T04:38:47.299604Z,Q114,Kenya,https://en.wikipedia.org/wiki/Kenya,http://dbpedia.org/resource/Kenya,"[{""label_vi"": ""Nairobi"", ""wiki_title"": ""Nairobi""}]",52428290.0,580367.0,"[{""label_vi"": ""Shilling Kenya"", ""wiki_title"": ""Shilling Kenya""}]","[{""label_vi"": ""Tiếng Swahili"", ""wiki_title"": ""Tiếng Swahili""}, {""label_vi"": ""Tiếng Anh"", ""wiki_title"": ""Tiếng Anh""}]","[""+254""]"
37564,Cabo Verde,"Cabo Verde (phát âm tiếng Bồ Đào Nha: [ˈkabu ˈveɾdɨ] , n.đ. 'Mũi đất xanh'), tên chính thức là Cộng hòa Cabo Verde (tiếng Bồ Đào Nha: República de Cabo Verde) là một quốc đảo gồm một quần đảo san hô 10 đảo nằm ở trung tâm Đại Tây Dương, cách bờ biển Tây Phi khoảng 570 km, gồm 10 đảo núi lửa với tổng diện tích đất khoảng 4.033 kilômét vuông (1.557 dặm vuông Anh). Các đảo này có khoảng cách giữa 600 đến 850 kilômét (320 đến 460 hải lý) về phía tây của lục địa Châu Phi. Các đảo Cabo Verde là một phần của vùng sinh thái Macaronesia, cùng với Azores, quần đảo Canary, Madeira và quần đảo Selvagens.
Quần đảo Cabo Verde không có người ở cho đến thế kỷ 15, khi các nhà thám hiểm của Bồ Đào Nha khám phá và thuộc địa hóa quần đảo này, do đó thiết lập khu định cư đầu tiên của người Châu Âu ở vùng nhiệt đới. Vì các đảo ở Cabo Verde nằm ở một vị trí thuận tiện để đóng một vai trò trong buôn bán nô lệ Đại Tây Dương, Cabo Verde trở nên thịnh vượng về kinh tế trong suốt thế kỷ 16 và 17, thu hút các thương gia, các tàu lùng và cướp biển. Quần đảo này suy thoái kinh tế vào thế kỷ 19 do sự đàn áp của việc buôn bán nô lệ ở Đại Tây Dương, và nhiều cư dân của quần đảo đã di cư trong thời kỳ đó. Tuy nhiên, Cabo Verde dần dần phục hồi kinh tế khi trở thành một trung tâm thương mại quan trọng và điểm dừng chân hữu ích dọc các tuyến đường vận tải biển chính. Năm 1951, Cabo Verde được hợp nhất thành một bộ tỉnh hải ngoại của Bồ Đào Nha, nhưng cư dân của quần đảo vẫn tiếp tục chiến dịch giành độc lập mà họ đã đạt được vào năm 1975.
Kể từ đầu những năm 1990, Cabo Verde đã là một quốc gia theo thể chế dân chủ đại diện ổn định, và vẫn là một trong những quốc gia dân chủ và phát triển nhất ở châu Phi. Vì thiếu tài nguyên thiên nhiên, nền kinh tế đang phát triển của quốc gia này chủ yếu theo hướng dịch vụ, với trọng tâm ngày càng tăng vào du lịch và đầu tư nước ngoài. Dân số khoảng 483.628 người vào năm 2021 với chủ yếu là người gốc Phi và hậu duệ châu Âu, và chủ yếu là người Công giáo, hệ quả của sự cai trị của Bồ Đào Nha. Một cộng đồng ngoại kiều Cabo Verde lớn tồn tại trên khắp thế giới, đặc biệt là ở Hoa Kỳ và Bồ Đào Nha, và đông hơn đáng kể cư dân trên các hòn đảo. Cabo Verde là một quốc gia thành viên của Liên minh châu Phi.
Ngôn ngữ chính thức của Cabo Verde là tiếng Bồ Đào Nha.",https://vi.wikipedia.org/wiki/Cabo_Verde,75370731,2026-07-28T15:41:20Z,2026-09-29T04:38:47.300663Z,Q1011,Cape Verde,https://en.wikipedia.org/wiki/Cape_Verde,http://dbpedia.org/resource/Cape_Verde,"[{""label_vi"": ""Praia"", ""wiki_title"": ""Praia""}]",527326.0,4033.0,"[{""label_vi"": ""Escudo Cabo Verde"", ""wiki_title"": ""Escudo Cabo Verde""}]","[{""label_vi"": ""Tiếng Bồ Đào Nha"", ""wiki_title"": ""Tiếng Bồ Đào Nha""}]",[]
38222,Zambia,"Zambia, quốc hiệu là Cộng hòa Zambia, là một quốc gia nội lục nằm ở miền Nam châu Phi. Zambia giáp Cộng hòa Dân chủ Congo ở phía bắc, Tanzania ở đông bắc, Malawi ở phía đông, Mozambique, Zimbabwe, Botswana, Namibia ở phía nam và Angola ở phía tây. 
Ban đầu là nơi sinh sống của các dân tộc Khoisan, khu vực này đã bị ảnh hưởng bởi sự mở rộng của người Bantu vào thế kỷ thứ mười ba. Theo chân các nhà thám hiểm châu Âu vào thế kỷ thứ mười tám, người Anh đã đô hộ khu vực này thành các khu bảo hộ của Anh gồm Barotziland-Rhodesia Tây Bắc và Rhodesia Đông Bắc vào cuối thế kỷ 19. Các khu vực này được hợp nhất vào năm 1911 để tạo thành Bắc Rhodesia. Trong phần lớn thời kỳ thuộc địa, Zambia được quản lý bởi một chính quyền được bổ nhiệm từ London với sự cố vấn của Công ty Nam Phi của Anh. Vào ngày 24 tháng 10 năm 1964, Zambia độc lập khỏi Vương quốc Anh và thủ tướng Kenneth Kaunda trở thành tổng thống nhậm chức.",https://vi.wikipedia.org/wiki/Zambia,75191998,2026-06-16T04:22:16Z,2026-09-29T04:38:47.301515Z,Q953,Zambia,https://en.wikipedia.org/wiki/Zambia,http://dbpedia.org/resource/Zambia,"[{""label_vi"": ""Lusaka"", ""wiki_title"": ""Lusaka""}]",20216029.0,752617.0,"[{""label_vi"": ""Kwacha Zambia"", ""wiki_title"": ""Kwacha Zambia""}]","[{""label_vi"": ""Tiếng Anh"", ""wiki_title"": ""Tiếng Anh""}]","[""+260""]"
29600,Cuba,"Cuba, quốc hiệu là Cộng hòa Cuba, là một quốc đảo có chủ quyền nằm ở vùng Caribe. Cuba bao gồm đảo Cuba (hòn đảo hình con cá sấu vươn dài trên biển Caribe và cũng là hòn đảo lớn nhất của quần đảo Đại Antilles), cùng với đảo Isla de la Juventud và các đảo nhỏ xung quanh. Cuba nằm ở phía bắc vùng Caribe ở giao điểm của 3 miền biển lớn là biển Caribe, vịnh México và Đại Tây Dương, phía nam miền đông Hoa Kỳ, Bahamas, Quần đảo Cayman và Jamaica, phía tây Quần đảo Turks và Caicos cùng Haiti và phía đông México. Đảo chính của Cuba là hòn đảo lớn nhất ở Cuba và trong vùng Caribe, với diện tích 104.556 km² (40.369 dặm Anh). Cuba là quốc gia đông dân thứ hai ở Caribe sau Haiti với hơn 11 triệu dân.
Lãnh thổ ngày nay là Cuba là nơi sinh sống của người Ciboney Taíno từ thiên niên kỷ 4 TCN cho đến quá trình thuộc địa hóa của Tây Ban Nha vào thế kỷ 15. Từ thế kỷ 15, nó là thuộc địa của Tây Ban Nha cho đến Chiến tranh Tây Ban Nha - Mỹ năm 1898, khi Cuba bị Hoa Kỳ chiếm đóng và giành được độc lập như là một Chính phủ được Hoa Kỳ bảo hộ de facto vào năm 1902. Là một nước cộng hòa mong manh, vào năm 1940, Cuba đã cố gắng củng cố hệ thống dân chủ, nhưng việc cực đoan hóa chính trị và xung đột xã hội lên đến đỉnh điểm là một cuộc đảo chính và chế độ độc tài sau đó dưới thời Fulgencio Batista vào năm 1952. Tham nhũng và áp bức công khai dưới sự cai trị của Batista dẫn đến việc ông bị lật đổ vào tháng 1 năm 1959 bởi Phong trào 26 tháng 7, phong trào sau đó thiết lập nhà nước cộng sản dưới sự lãnh đạo của Fidel Castro. Kể từ năm 1965, nhà nước được điều hành bởi Đảng Cộng sản Cuba. Đất nước này là một điểm tranh chấp trong Chiến tranh Lạnh giữa Liên Xô và Hoa Kỳ, và một cuộc chiến tranh hạt nhân suýt nổ ra trong Cuộc khủng hoảng tên lửa Cuba năm 1962. Cuba là một trong số ít các quốc gia xã hội chủ nghĩa Marx-Lenin còn tồn tại, nơi vai trò của Đảng Cộng sản Cuba là tiên phong được ghi trong Hiến pháp. Dưới thời Castro, Cuba tham gia vào một loạt các hoạt động quân sự và nhân đạo trên khắp châu Phi và châu Á.
Về mặt văn hóa, Cuba được coi là một phần của Mỹ Latinh. Đây là một quốc gia đa sắc tộc có con người, văn hóa và phong tục xuất phát từ nhiều nguồn gốc khác nhau, bao gồm các dân tộc Taíno Ciboney, thời kỳ dài của chủ nghĩa thực dân Tây Ban Nha, sự du nhập của những người châu Phi làm nô lệ và mối quan hệ chặt chẽ với Liên Xô trong Chiến tranh Lạnh.
Cuba có một nhà nước theo hệ thống đơn đảng, nước này không có đảng đối lập chính trị. Có bầu cử ở Cuba nhưng không phải bầu cử đa đảng. Kiểm duyệt thông tin (bao gồm cả giới hạn truy cập internet) là phổ biến và báo chí độc lập không được hoạt động ở Cuba; Tổ chức Phóng viên không biên giới xếp hạng Cuba thấp nhất trên thế giới về tự do báo chí.",https://vi.wikipedia.org/wiki/Cuba,75596539,2026-09-28T15:15:25Z,2026-09-29T04:38:47.302282Z,Q241,Cuba,https://en.wikipedia.org/wiki/Cuba,http://dbpedia.org/resource/Cuba,"[{""label_vi"": ""La Habana"", ""wiki_title"": ""La Habana""}]",9748007.0,110860.0,"[{""label_vi"": ""Peso Cuba"", ""wiki_title"": ""Peso Cuba""}]","[{""label_vi"": ""Tiếng Tây Ban Nha"", ""wiki_title"": ""Tiếng Tây Ban Nha Cuba""}]","[""+53""]"
39575,Gruzia,"Gruzia, hay còn gọi là Georgia là một quốc gia ở khu vực Kavkaz. Gruzia nằm tại giao giới của Tây Á và Đông Âu, phía tây giáp biển Đen, phía bắc giáp Nga, phía nam giáp Thổ Nhĩ Kỳ và Armenia, và phía đông nam giáp Azerbaijan. Thủ đô và thành phố lớn nhất là Tbilisi. Gruzia có diện tích 69.700 km² và dân số vào năm 2016 là khoảng 3,72 triệu người. Gruzia có chính thể cộng hoà bán tổng thống nhất thể, chính phủ được bầu cử theo thể thức dân chủ đại diện.
Trong thời kỳ cổ đại, một vài vương quốc độc lập được thành lập trên lãnh thổ Gruzia hiện nay. Người Gruzia tiếp nhận Cơ Đốc giáo vào đầu thế kỷ IV. Vương quốc Gruzia thống nhất đạt đến đỉnh cao về chính trị và kinh tế trong thế kỷ XII và đầu thế kỷ XIII. Sau đó, vương quốc suy yếu và cuối cùng tan rã và nằm dưới quyền thống trị của các thế lực trong khu vực, gồm Mông Cổ, Ottoman và các triều đại của Iran. Đến cuối thế kỷ XVIII, Vương quốc Kartli-Kakheti tại miền đông Gruzia liên minh với Đế quốc Nga và bị đế quốc này sáp nhập trực tiếp vào năm 1801; Vương quốc Imereti tại miền tây Gruzia cũng bị Nga chinh phục vào năm 1810. Sau Cách mạng Nga năm 1917, Gruzia giành được độc lập trong thời gian ngắn ngủi và lập ra một nước cộng hoà vào năm 1918 do thể chế xã hội-dân chủ lãnh đạo, song bị nước Nga Xô viết xâm chiếm vào năm 1921, rồi sáp nhập vào Liên Xô với tư cách một nước cộng hoà thành phần.
Một phong trào ủng hộ độc lập dẫn đến ly khai từ Liên Xô vào tháng 4 năm 1991. Trong hầu hết các thập niên sau đó, Gruzia phải trải qua xung đội nội bộ, các cuộc chiến ly khai tại Abkhazia và Nam Ossetia, và cả khủng hoảng kinh tế. Sau Cách mạng Hoa hồng không đổ máu vào năm 2003, Gruzia theo đuổi chính sách ngoại giao thân phương Tây mạnh mẽ, đặt mục tiêu là NATO và nhất thể hoá châu Âu, cũng như tiến hành một loạt các cải cách dân chủ và kinh tế, có kết quả khác nhau, song giúp củng cố thể chế nhà nước. Định hướng phương Tây của Gruzia nhanh chóng khiến quan hệ với Nga xấu đi, đỉnh điểm là Chiến tranh Nga-Gruzia vào tháng 8 năm 2008 và tranh chấp lãnh thổ hiện tại với Nga.
Gruzia là một thành viên của Liên Hợp Quốc, Ủy hội châu Âu và Tổ chức GUAM về phát triển dân chủ và kinh tế. Gruzia có hai khu vực độc lập trên thực tế là Abkhazia và Nam Ossetia, họ giành được công nhận quốc tế hạn chế sau Chiến tranh Nga-Gruzia năm 2008. Gruzia và đại đa số cộng đồng quốc tế nhìn nhận các khu vực này là bộ phận thuộc chủ quyền của Gruzia bị Nga chiếm đóng.",https://vi.wikipedia.org/wiki/Gruzia,75322235,2026-07-18T01:28:23Z,2026-09-29T04:38:47.305874Z,Q230,Georgia (country),https://en.wikipedia.org/wiki/Georgia_(country),http://dbpedia.org/resource/Georgia_(country),"[{""label_vi"": ""Tbilisi"", ""wiki_title"": ""Tbilisi""}]",,69700.0,"[{""label_vi"": ""Lari Gruzia"", ""wiki_title"": ""Lari Gruzia""}]","[{""label_vi"": ""Tiếng Gruzia"", ""wiki_title"": ""Tiếng Gruzia""}]","[""+995""]"
38772,Croatia,"Croatia, quốc hiệu là Cộng hòa Croatia, là một quốc gia ở Trung Âu và Đông Nam Âu, giáp Biển Adriatic. Thủ đô và thành phố lớn nhất của Croatia là Zagreb. Croatia có diện tích 56.594 kilômét vuông (21.851 dặm vuông) và dân số năm 2019 là 4,076,246 người, hầu hết dân số là người theo Công giáo.
Người Croatia đến khu vực này vào thế kỷ 6 và tổ chức nhà nước thành hai lãnh địa công tước vào thế kỷ 9. Tomislav I trở thành vị vua đầu tiên vào năm 925, phát triển Croatia thành một vương quốc, giữ được chủ quyền của nó trong gần hai thế kỷ, đạt đến cực thịnh trong thời cai trị của các vị vua Petar Krešimir IV và Zvonimir. Croatia gia nhập một liên minh cá nhân với Vương quốc Hungary năm 1102. Năm 1527, phải đối mặt với cuộc xâm lược của Ottoman, Quốc hội Croatia đã bầu Ferdinand của nhà Habsburg lên ngai vàng Croatia. Vào đầu thế kỷ 19, các phần của đất nước được chia thành Các tỉnh Illyrian của Pháp trong khi đế quốc Áo-Hung chiếm đóng Bosna và Hercegovina - một tranh chấp được giải quyết theo Hiệp ước Berlin (1787). Tháng 10 năm 1918, trong những ngày cuối cùng của Chiến tranh thế giới thứ nhất, Nhà nước của người Slovene, Croat và Serb được thành lập, độc lập từ Áo-Hungary, được tuyên bố tại Zagreb, và trong tháng 12 năm 1918 nó đã được sáp nhập vào Vương quốc Nam Tư. Sau cuộc xâm lược Nam Tư vào tháng 4 năm 1941, hầu hết lãnh thổ Croatia được kết hợp vào nhà nước được Đức quốc xã hậu thuẫn, dẫn đến sự phát triển của một phong trào kháng chiến và tạo ra Liên bang Croatia, sau chiến tranh trở thành thành viên sáng lập và là thành viên của Cộng hòa Liên bang Xã hội chủ nghĩa Nam Tư. Ngày 25 tháng 6 năm 1991, Croatia tuyên bố độc lập, hoàn toàn có hiệu lực vào ngày 8 tháng 10 cùng năm. Chiến tranh giành độc lập Croatia đã chiến đấu thành công trong bốn năm tiếp theo.
Croatia là một nước cộng hòa đại nghị và một nước phát triển với mức sống rất cao. Croatia là một thành viên Liên minh châu Âu, Liên Hợp Quốc, Ủy hội châu Âu, NATO, Tổ chức Thương mại Thế giới, và là thành viên sáng lập Liên minh Địa Trung Hải. Là một thành viên tham gia tích cực trong lực lượng gìn giữ hòa bình của Liên Hợp Quốc, Croatia đóng góp quân đội cho sứ mệnh do NATO lãnh đạo ở Afghanistan và giành một vị trí không thường trực trong Hội đồng Bảo an Liên Hợp Quốc cho nhiệm kỳ 2008–2009. Từ năm 2000, chính phủ Croatia liên tục đầu tư vào cơ sở hạ tầng, đặc biệt là các tuyến đường và cơ sở giao thông dọc theo Hành lang xuyên châu Âu.
Nền kinh tế của Croatia dựa trên các ngành dịch vụ, công nghiệp và nông nghiệp. Du lịch là một nguồn thu ngoại tệ đáng kể, Croatia được xếp hạng trong số 20 địa điểm du lịch nổi tiếng nhất trên thế giới. Nhà nước kiểm soát một phần nền kinh tế, với chi tiêu chính phủ đáng kể. Liên minh châu Âu là đối tác thương mại quan trọng nhất của Croatia. Croatia cung cấp an sinh xã hội, hệ thống chăm sóc sức khỏe toàn cầu, giáo dục tiểu học và trung học miễn phí, trong khi hỗ trợ văn hóa thông qua nhiều tổ chức công và đầu tư của công ty trên truyền thông và xuất bản.

",https://vi.wikipedia.org/wiki/Croatia,75586736,2026-09-25T08:33:39Z,2026-09-29T04:38:47.307387Z,Q224,Croatia,https://en.wikipedia.org/wiki/Croatia,http://dbpedia.org/resource/Croatia,"[{""label_vi"": ""Zagreb"", ""wiki_title"": ""Zagreb""}]",3861967.0,56561.0,"[{""label_vi"": ""Euro"", ""wiki_title"": ""Euro""}]","[{""label_vi"": ""Tiếng Croatia"", ""wiki_title"": ""Tiếng Croatia""}]","[""+385""]"
27667,Brasil,"Brasil, (phiên âm: Bra-xin) thường được ghi là Brazil, quốc hiệu là Cộng hòa Liên bang Brasil, là quốc gia lớn nhất khu vực Nam Mỹ. Brasil là quốc gia lớn thứ năm trên thế giới về diện tích và lớn thứ bảy về dân số với hơn 212 triệu người (số liệu 2024). Brasil là quốc gia nói tiếng Bồ Đào Nha duy nhất ở châu Mỹ cũng như lớn nhất trên thế giới.
Brasil tiếp giáp với 11 quốc gia và vùng lãnh thổ bao gồm Venezuela, Guyana, Suriname và Pháp (Guyane thuộc Pháp) về phía bắc, Colombia về phía tây bắc, Bolivia và Peru về phía tây, Argentina và Paraguay về phía tây nam và Uruguay về phía nam. Phía đông Brasil là một đường bờ biển dài 7.491 km tiếp giáp với Đại Tây Dương. Lãnh thổ Brasil bao gồm nhiều quần đảo như Fernando de Noronha, Đảo san hô Rocas, Saint Peter và Paul Rocks, và Trindade và Martim Vaz. Brasil tiếp giáp với tất cả các nước ở Nam Mỹ khác ngoại trừ Ecuador và Chile.
Brasil là thuộc địa của Bồ Đào Nha từ khi Pedro Álvares Cabral đặt chân đến đây năm 1500 cho đến năm 1815 khi nước này được nâng lên thành Vương quốc Liên hiệp Bồ Đào Nha, Brasil và Algarve. Liên kết thuộc địa tan vỡ năm 1808 khi thủ đô của Vương quốc Bồ Đào Nha được chuyển từ Lisboa đến Rio de Janeiro sau khi Napoléon xâm lược Bồ Đào Nha. Brasil giành được độc lập từ Bồ Đào Nha vào năm 1822. Đầu tiên là Đế quốc Brasil, sau đó trở thành một nền cộng hòa vào năm 1889 mặc dù cơ quan lập pháp lưỡng viện hay bây giờ là quốc hội đã có từ năm 1824, khi hiến pháp đầu tiên được thông qua. Hiến pháp hiện nay xác lập Brasil là một nước cộng hòa liên bang. Liên bang được hình thành bởi liên hiệp của quận liên bang, 26 bang và 5.564 khu tự quản.
Kinh tế Brasil là nền kinh tế lớn thứ chín trên thế giới theo GDP danh nghĩa và thứ bảy dựa trên sức mua tương đương. Đây là một trong những nền kinh tế có tốc độ tăng trưởng nhanh nhất thế giới. Cải cách kinh tế đã đem lại cho đất nước sự công nhận mới của quốc tế. Brasil là thành viên của Liên Hợp Quốc, G20, CPLP, Liên minh Latinh, Tổ chức các bang Ibero–Mỹ, Mercosul, Liên minh các Quốc gia Nam Mỹ và BRIC. Brasil cũng là nơi có môi trường tự nhiên và hoang dã phong phú và nhiều tài nguyên tự nhiên ở các khu được bảo tồn.",https://vi.wikipedia.org/wiki/Brasil,75572410,2026-09-20T20:51:07Z,2026-09-29T04:38:47.309626Z,Q155,Brazil,https://en.wikipedia.org/wiki/Brazil,http://dbpedia.org/resource/Brazil,"[{""label_vi"": ""Brasília"", ""wiki_title"": ""Brasília""}]",212583750.0,8515767.0,"[{""label_vi"": ""Real Brasil"", ""wiki_title"": ""Real Brasil""}]","[{""label_vi"": ""Tiếng Bồ Đào Nha"", ""wiki_title"": ""Tiếng Bồ Đào Nha""}]","[""+55""]"
45377,Tunisia,"Tunisia hay còn gọi là Tunisie (phiên âm Tiếng Việt: Tuy-ni-di); quốc hiệu là Cộng hòa Tunisia, đây là một quốc gia nằm ở Bắc Phi, giáp Algérie ở phía tây, Libya ở phía đông nam, và Địa Trung Hải ở phía bắc và phía đông. Tunisia là quốc gia nhỏ nhất trong số các quốc gia nằm dọc theo dãy núi Atlas. Miền nam Tunisia gồm một phần của sa mạc Sahara, và hầu hết phần còn lại gồm đất đai đặc biệt màu mỡ và 1.300 km bờ biển. Tunisia hai lần đóng vai trò đặc biệt quan trọng trong thời cổ đại, đầu tiên với thành phố Phoenicia nổi tiếng của Carthage, sau đó như Tỉnh châu Phi được gọi là ""giỏ bánh mì"" của Đế quốc La Mã. Sau này, Tunisia bị những kẻ cướp bóc xâm chiếm vào thế kỷ 5, người Byzantine ở thế kỷ 6 và người Ả Rập vào thế kỷ 7.
Dưới thời Đế quốc Ottoman, Tunisia được gọi là ""Nhiếp chính Tunis"". Nó được chuyển sang thuộc quyền bảo hộ của Pháp vào năm 1881. Sau khi giành được độc lập vào năm 1956, nước này lấy tên chính thức là ""Vương quốc Tunisia"" ở cuối thời kỳ cầm quyền của Lamine Bey và Triều đại Husainid. Với tuyên bố đưa nhà nước trở thành cộng hoà Tunisia ngày 25 tháng 7 năm 1957, nhà lãnh đạo quốc gia Habib Bourguiba trở thành tổng thống đầu tiên và lãnh đạo cuộc hiện đại hoá đất nước. Ngày nay Tunisia là một quốc gia hướng theo xuất khẩu trong quá trình tự do hoá nền kinh tế.
Tunisia có quan hệ thân cận với cả Liên minh châu Âu và đã có một thoả thuận kết hợp với tổ chức này với thế giới Ả Rập. Tunisia cũng là một thành viên Liên đoàn Ả Rập và Liên minh châu Phi.",https://vi.wikipedia.org/wiki/Tunisia,75447469,2026-08-17T06:03:52Z,2026-09-29T04:38:47.311364Z,Q948,Tunisia,https://en.wikipedia.org/wiki/Tunisia,http://dbpedia.org/resource/Tunisia,"[{""label_vi"": ""Tunis"", ""wiki_title"": ""Tunis""}]",11887412.0,163610.0,"[{""label_vi"": ""Dinar Tunisia"", ""wiki_title"": ""Dinar Tunisia""}]","[{""label_vi"": ""Tiếng Ả Rập"", ""wiki_title"": ""Tiếng Ả Rập chuẩn""}]","[""+216""]"
37121,Sudan,"Sudan, quốc hiệu là Cộng hòa Sudan, là một quốc gia ở châu Phi, nằm ở điểm giao giữa Sừng châu Phi và Trung Đông, giáp với Ai Cập ở phía bắc, Biển Đỏ ở phía đông bắc, Eritrea và Ethiopia ở phía đông, Cộng hòa Trung Phi ở phía tây nam, Tchad ở phía tây, Libya ở phía tây bắc và Nam Sudan ở phía nam. Sudan có diện tích lớn thứ 16 trên thế giới.
Từ năm 1989 đến năm 2019, một chính phủ quân quản do Omar al-Bashir và dưới Đảng Đại hội Quốc gia đứng đầu nắm quyền tại Sudan. Chế độ quân quản vi phạm nhân quyền nghiêm trọng, bao gồm tra tấn, đàn áp các nhóm thiểu số, tài trợ cho khủng bố theo cáo buộc của Hoa Kỳ và tiến hành diệt chủng tại Darfur trong giai đoạn 2003–2020. Ước tính từ 300.000 đến 400.000 người bị chế độ sát hại. Trong Cách mạng Sudan, quân đội tiến hành đảo chính lật đổ Bashir sau khi người dân biểu tình đòi Bashir từ chức. Từ năm 2023, Sudan rơi vào cuộc nội chiến thứ ba giữa Lực lượng Vũ trang Sudan (SAF) và Lực lượng Hỗ trợ nhanh (RSF).
Từ năm 1983 đến năm 2020, Hồi giáo là quốc giáo của Sudan và Sharia được áp dụng. Sudan là một nước kém phát triển nhất và một trong những nước nghèo nhất trên thế giới, xếp hạng thứ 170 về Chỉ số phát triển con người vào năm 2024 và thứ 185 về GDP bình quân đầu người danh nghĩa. Nền kinh tế Sudan phụ thuộc vào nông nghiệp do bị quốc tế trừng phạt cùng với lịch sử bất ổn chính trị, bạo loạn. Hơn 60% dân số Sudan sống dưới chuẩn nghèo. Sudan là một thành viên Liên Hợp Quốc, Liên đoàn Ả Rập, Liên minh châu Phi, COMESA, Phong trào không liên kết và Tổ chức Hợp tác Hồi giáo.",https://vi.wikipedia.org/wiki/Sudan,75459530,2026-08-19T18:52:23Z,2026-09-29T04:38:47.314031Z,Q1049,Sudan,https://en.wikipedia.org/wiki/Sudan,http://dbpedia.org/resource/Sudan,"[{""label_vi"": ""Khartoum"", ""wiki_title"": ""Khartoum""}]",50467278.0,1886068.0,"[{""label_vi"": ""Bảng Sudan"", ""wiki_title"": ""Bảng Sudan""}]","[{""label_vi"": ""Tiếng Ả Rập"", ""wiki_title"": ""Tiếng Ả Rập""}, {""label_vi"": ""Tiếng Anh"", ""wiki_title"": ""Tiếng Anh""}]","[""+249""]"
49103,Đài Loan,"Đài Loan, quốc hiệu là Trung Hoa Dân quốc (phồn thể: 中華民國, bính âm: Zhōnghuá mínguó), là một đảo quốc ở Đông Á. Đảo Đài Loan nằm ở phía Tây Bắc Thái Bình Dương, ở giữa quần đảo Ryukyu của Nhật Bản và quần đảo Philippines, tách rời khỏi lục địa Á-Âu đồng thời có đường biên giới trên biển giáp với Trung Quốc đại lục thông qua eo biển Đài Loan, Đài Loan có diện tích vào khoảng 36.000 km², là đảo lớn thứ 38 trên thế giới với khoảng 70% diện tích là đồi núi, vùng đồng bằng tập trung chủ yếu tại khu vực ven biển phía tây. Do nằm tại giao giới giữa khí hậu cận nhiệt đới và nhiệt đới nên cảnh quan tự nhiên cùng hệ sinh thái tương đối phong phú và đa nguyên. Thủ đô của Đài Loan là Đài Bắc, thành phố lớn nhất là Tân Bắc bao quanh Đài Bắc, tổng nhân khẩu được ước tính vào khoảng 23,5 triệu người với thành phần chủ yếu là người Hán, dân nhập cư đến từ Trung Quốc đại lục, Hồng Kông, Đông Nam Á và số ít thổ dân Đài Loan.
Những thổ dân Đài Loan bản địa đã cư trú trên hòn đảo từ thời kỳ cổ đại và xã hội Đài Loan vẫn trong trạng thái nguyên thủy cho đến khi người Hà Lan đến. Các sắc tộc từ Quảng Đông, Phúc Kiến bắt đầu di cư tới Đài Loan với số lượng lớn vào thời kỳ chiếm đóng của thực dân Hà Lan và Tây Ban Nha trong giai đoạn đầu của thế kỷ 17. Năm 1661, Trịnh Thành Công thiết lập nhà nước đầu tiên của người Hán trên đảo và trục xuất người Hà Lan. Năm 1683, nhà Thanh đánh bại chính quyền họ Trịnh và sáp nhập Đài Loan. Nhà Thanh cắt nhượng khu vực này cho Đế quốc Nhật Bản năm 1895 sau khi chiến bại. Trung Hoa Dân Quốc lật đổ nhà Thanh và giành quyền quản lý Trung Quốc đại lục năm 1911. Sau khi Nhật Bản thua trận và đầu hàng Đồng Minh trong Thế chiến II, Trung Hoa Dân Quốc một lần nữa giành lại quyền kiểm soát đại lục cũng như đảo Đài Loan. Sau thất bại trong Nội chiến Quốc-Cộng, Tưởng Giới Thạch cùng chính phủ Trung Hoa Dân Quốc rút đến đây, còn Đảng Cộng sản do Mao Trạch Đông lãnh đạo thành lập Trung Quốc tại đại lục. Nhiều năm sau, do ảnh hưởng của chiến tranh Lạnh, Trung Hoa Dân Quốc vẫn được nhiều quốc gia nhìn nhận là đại biểu hợp pháp duy nhất của Trung Quốc tại Liên Hợp Quốc, đồng thời là một thành viên trong Hội đồng Bảo an. Năm 1971, Trung Quốc giành được quyền đại diện cho Trung Quốc tại Liên Hợp Quốc, Trung Hoa Dân Quốc do đó đánh mất sự công nhận quốc tế trên quy mô lớn.
Trong giai đoạn cuối của thế kỷ 20, chính phủ Trung Hoa Dân Quốc trên đảo tập trung phát triển kinh tế và triển khai nhiều cải cách dân chủ, lấy Học thuyết Tam Dân của Tôn Trung Sơn làm nòng cốt. Nền kinh tế Đài Loan từ thập niên 1960 trở đi có sự phát triển thần tốc, tạo nên Kỳ tích Đài Loan. Từ thập niên 1990, Đài Loan trở thành quốc gia phát triển. Đài Loan hiện nay là trung cường quốc và đồng minh không thuộc NATO của Hoa Kỳ. Tuy nhiên, chính sách ngoại giao thù địch dựa trên nguyên tắc Một Trung Quốc của Trung Quốc đang cản trở sự hội nhập của Đài Loan.",https://vi.wikipedia.org/wiki/%C4%90%C3%A0i_Loan,75557146,2026-09-16T11:14:34Z,2026-09-29T04:38:47.315622Z,Q865,Taiwan,https://en.wikipedia.org/wiki/Taiwan,http://dbpedia.org/resource/Taiwan,"[{""label_vi"": ""Đài Bắc"", ""wiki_title"": ""Đài Bắc""}]",23396049.0,36197.0,"[{""label_vi"": ""Tân Đài tệ"", ""wiki_title"": ""Tân Đài tệ""}]",[],"[""+886""]"
38325,Grenada,"Grenada (tiếng Anh: Grenada, Tiếng Việt: Grê-na-đa) là một quốc đảo thuộc vùng biển Caribê gồm một đảo chính và sáu đảo nhỏ hơn nằm gần Grenadines. Vị trí địa lý Grenada nằm ở phía Tây Bắc Trinidad & Tobago, phía Đông Bắc của Venezuela và phía Tây Nam Saint Vincent và Grenadines.
Diện tích tự nhiên của Grenada hơn 344 km², dân số gần 110.000 người. Thủ đô là St. George's.",https://vi.wikipedia.org/wiki/Grenada,75183403,2026-06-14T02:19:51Z,2026-09-29T04:38:47.317271Z,Q769,Grenada,https://en.wikipedia.org/wiki/Grenada,http://dbpedia.org/resource/Grenada,"[{""label_vi"": ""St. George's"", ""wiki_title"": ""St. George's, Grenada""}]",114621.0,344.0,"[{""label_vi"": ""Đô la Đông Caribe"", ""wiki_title"": ""Đô la Đông Caribe""}]","[{""label_vi"": ""Tiếng Anh"", ""wiki_title"": null}]","[""+1""]"
51249,Sénégal,"Sénégal, quốc hiệu là Cộng hòa Sénégal, là một quốc gia tại Tây Phi. Sénégal giáp Mauritanie về phía bắc, Mali về phía đông, Guinée về phía đông nam, và Guiné-Bissau về phía tây nam. Sénégal vây quanh ba phía Gambia, một quốc gia có lãnh thổ là những dải đất hai bờ sông Gambia, chia tách Casamance khỏi phần còn lại của Sénégal. Sénégal cũng có biên giới trên biển với Cabo Verde. Trung tâm kinh tế và chính trị của Sénégal là Dakar.
Sénégal nằm ở cực tây của Lục địa Á-Âu-Phi và lấy tên từ sông Sénégal. Sénégal có diện tích 197.000 kilômét vuông (76.000 dặm vuông Anh) và dân số khoảng 16 triệu người. Đất nước được tách ra từ Tây Phi thuộc Pháp sau khi Pháp trao trả độc lập, ngôn ngữ chính thức là tiếng Pháp. Giống như các quốc gia châu Phi thời hậu thuộc địa khác, đất nước này bao gồm nhiều cộng đồng dân tộc và ngôn ngữ, với cộng đồng lớn nhất là người Wolof, người Fula, và người Serer.
Senegal được xếp vào nhóm quốc gia nghèo mắc nợ nhiều, với Chỉ số Phát triển Con người tương đối thấp. Phần lớn dân số sống trên bờ biển và làm nông nghiệp hoặc các ngành công nghiệp thực phẩm khác. Các ngành công nghiệp chính khác bao gồm khai thác mỏ, du lịch và dịch vụ. Khí hậu điển hình của vùng Sahel, nhưng có mùa mưa.
Senegal là một quốc gia thành viên của Liên minh châu Phi, Liên Hợp Quốc, Cộng đồng Kinh tế Tây Phi, Tổ chức Hợp tác Hồi giáo và Cộng đồng các quốc gia Sahel-Sahara.",https://vi.wikipedia.org/wiki/S%C3%A9n%C3%A9gal,75570318,2026-09-20T08:06:18Z,2026-09-29T04:38:47.317613Z,Q1041,Senegal,https://en.wikipedia.org/wiki/Senegal,http://dbpedia.org/resource/Senegal,"[{""label_vi"": ""Dakar"", ""wiki_title"": ""Dakar""}]",18847519.0,196722.0,"[{""label_vi"": ""Franc CFA Tây Phi"", ""wiki_title"": ""Franc CFA Tây Phi""}]","[{""label_vi"": ""Tiếng Pháp"", ""wiki_title"": ""Tiếng Pháp""}]","[""+221""]"
71,Iraq,"Iraq, quốc hiệu là Cộng hoà Iraq, là một quốc gia ở Tây Á, giáp với Ả Rập Xê Út, Kuwait về phía nam, Thổ Nhĩ Kỳ về phía bắc, Syria về phía tây bắc, Jordan về phía tây, và Iran về phía đông. Bagdad là thủ đô và thành phố đông dân nhất. Năm 2023, dân số của Iraq là khoảng 45 triệu người, trong đó phần lớn theo Hồi giáo, chủ yếu là Hồi giáo Shia, Hồi giáo Sunni, và các nhóm người Kurd.
Iraq có một dải bờ biển hẹp khoảng 58 km (36 mi) ở phía bắc Vịnh Ba Tư và lãnh thổ bao gồm đồng bằng Lưỡng Hà, phần tận cùng phía tây bắc của dãy núi Zagros, và phần phía đông của hoang mạc Syria. Hai sông chính là Tigris và Euphrates, chảy về phía nam qua trung tâm của Iraq và chảy vào Shatt al-Arab gần vịnh Ba Tư. Các sông này cung cấp những chất dinh dưỡng cho nông nghiệp nơi đây.
Khu vực giữa hai sông Tigris và Euphrates thường được gọi là Lưỡng Hà và được cho là nơi sinh ra chữ viết và các nền văn minh cổ nhất của nhân loại. Vùng đất này cũng là nơi sinh ra nhiều nền văn minh kể từ thiên niên kỷ 6 TCN. Trong các giai đoạn khác nhau trong lịch sử, Iraq từng là trung tâm của Đế quốc Akkad, Assyria, và Babylon. Đây cũng là một phần của Đế quốc Media, Đế quốc Achaemenes, Hellenistic, Đế quốc Parthia, Đế quốc Sasan, Đế quốc La Mã, Rashidun, Omeyyad, Abbas, Mông Cổ, Safavid, Afsharid và Ottoman. Biên giới hiện đại của Iraq được Hội Quốc Liên phân định chủ yếu vào năm 1920 khi Đế quốc Ottoman bị phân chia theo Hòa ước Sèvres. Iraq được đặt dưới thẩm quyền của Đế quốc Anh với tên mới là Ủy trị Lưỡng Hà thuộc Anh. Một chế độ quân chủ được thành lập vào năm 1921 và Vương quốc Iraq giành được độc lập từ Anh năm 1932. Năm 1958, chế độ quân chủ bị lật đổ và Cộng hòa Iraq được thành lập. Đảng Xã hội chủ nghĩa Phục hưng Ả Rập kiểm soát Iraq từ năm 1968 đến năm 2003. Sau cuộc tấn công của Hoa Kỳ và lực lượng đa quốc gia, Saddam Hussein bị phế truất và cuộc bầu cử quốc hội diễn ra. Chiến tranh Iraq kết thúc vào năm 2011, nhưng các cuộc nổi dậy ở Iraq tiếp tục diễn ra và các chiến binh từ Nội chiến Syria tràn sang Iraq.
Iraq là một thành viên sáng lập của Liên Hợp Quốc, Liên đoàn Ả Rập, Tổ chức Hợp tác Hồi giáo, Phong trào không liên kết và Quỹ Tiền tệ Quốc tế. Iraq là một nước cộng hoà đại nghị, gồm có 19 tỉnh và một vùng tự trị (Kurdistan thuộc Iraq). Tôn giáo chính thức của Iraq là Hồi giáo.",https://vi.wikipedia.org/wiki/Iraq,75541803,2026-09-11T04:38:12Z,2026-09-29T04:38:47.318081Z,Q796,Iraq,https://en.wikipedia.org/wiki/Iraq,http://dbpedia.org/resource/Iraq,"[{""label_vi"": ""Bagdad"", ""wiki_title"": ""Bagdad""}]",46118793.0,437072.0,"[{""label_vi"": ""Đồng dinar của Iraqi"", ""wiki_title"": ""Đồng dinar của Iraqi""}]","[{""label_vi"": ""Ả Rập"", ""wiki_title"": ""Tiếng Ả Rập chuẩn""}, {""label_vi"": ""Kurd"", ""wiki_title"": ""Tiếng Kurd""}]","[""+964""]"
2093,Hà Lan,"Hà Lan (tiếng Hà Lan: Nederland [ˈneːdərlɑnt] ) là một quốc gia tại Tây Âu. Đây là quốc gia cấu thành chủ yếu của Vương quốc Hà Lan, một vương quốc có chủ quyền còn bao gồm ba lãnh thổ đảo tại Caribe (Bonaire, Sint Eustatius và Saba). Hà Lan gồm có 12 tỉnh, giáp với Đức về phía đông, Bỉ về phía nam, và biển Bắc về phía tây bắc; có biên giới hàng hải với Bỉ, Anh và Đức. Năm thành phố lớn nhất của Hà Lan là Amsterdam, Rotterdam, Den Haag, Utrecht và Eindhoven. Amsterdam là thành phố thủ đô, song trụ sở của nghị viện và chính phủ đặt tại Den Haag. Cảng Rotterdam là cảng lớn nhất châu Âu và là cảng lớn nhất bên ngoài Đông Á.
Hà Lan có địa hình thấp và bằng phẳng, chỉ có khoảng 50% diện tích đất nằm cao hơn 1 m so với mực nước biển. Hầu hết diện tích dưới mực nước biển là đất cải tạo. Từ cuối thế kỷ 16, nhiều khu vực rộng lớn được cải tạo từ biển và hồ, chúng chiếm gần 17% diện tích đất hiện nay của quốc gia. Hà Lan có mật độ dân số trên 400 người/km², nếu không tính mặt nước thì sẽ hơn 500 người/km², thuộc vào hàng các quốc gia có mật độ dân số dày đặc nhất thế giới. Tuy vậy, Hà Lan là quốc gia xuất khẩu nông sản và thực phẩm lớn thứ nhì thế giới, chỉ sau Hoa Kỳ. Hà Lan là quốc gia thứ ba trên thế giới có các đại biểu được bầu cử để kiểm soát hành động của chính phủ; quốc gia này có thể chế dân chủ nghị viện và quân chủ lập hiến từ năm 1848. Hà Lan có lịch sử lâu dài về khoan dung xã hội và thường được nhìn nhận là một quốc gia tự do, Hà Lan đã hợp pháp hoá mại dâm, an tử và hôn nhân đồng giới.
Hà Lan là một thành viên sáng lập của Liên minh châu Âu, Khu vực đồng euro, NATO, OECD và WTO, nằm trong Khu vực Schengen và Liên minh Benelux. Hà Lan là nơi đặt trụ sở của năm toà án quốc tế như Tòa án Trọng tài thường trực và Tòa án Công lý Quốc tế, trong đó có bốn toà án đặt tại Den Haag, do đó thành phố này được mệnh danh là ""thủ đô pháp luật thế giới."" Hà Lan đứng thứ hai trong chỉ số tự do báo chí năm 2016 của Phóng viên không biên giới. Hà Lan có nền kinh tế hỗn hợp dựa trên thị trường, đứng thứ 17 về chỉ số tự do kinh tế năm 2013. Hà Lan có GDP PPP bình quân cao thứ 13 thế giới vào năm 2016 theo số liệu của IMF. Năm 2017, Báo cáo Hạnh phúc thế giới của Liên Hợp Quốc xếp Hà Lan đứng thứ sáu, phản ánh chất lượng sinh hoạt cao tại đây. Hà Lan là một nhà nước phúc lợi hào phóng, cung cấp chăm sóc y tế phổ quát, giáo dục công cộng và hạ tầng tốt, và nhiều phúc lợi xã hội.",https://vi.wikipedia.org/wiki/H%C3%A0_Lan,75452432,2026-08-18T04:49:49Z,2026-09-29T04:38:47.318465Z,Q55,Netherlands,https://en.wikipedia.org/wiki/Netherlands,http://dbpedia.org/resource/Netherlands,"[{""label_vi"": ""Amsterdam"", ""wiki_title"": ""Amsterdam""}]",18420100.0,41865.0,"[{""label_vi"": ""Euro"", ""wiki_title"": ""Euro""}, {""label_vi"": ""đô la Mỹ"", ""wiki_title"": ""đô la Mỹ""}]","[{""label_vi"": ""Tiếng Hà Lan"", ""wiki_title"": ""Tiếng Hà Lan""}]","[""+31"", ""+599""]"
