wikidata_id,title_vi,wikipedia_url,english_title_hint,discovery_method,discovery_methods,discovery_conflicts,instance_qids
Q114,Kenya,https://vi.wikipedia.org/wiki/Kenya,Kenya,wikidata_direct_country_or_sovereign_state,"[""wikidata_direct_country_or_sovereign_state""]",[],"[""Q6256"", ""Q3624078""]"
Q115,Ethiopia,https://vi.wikipedia.org/wiki/Ethiopia,Ethiopia,wikidata_direct_country_or_sovereign_state,"[""wikidata_direct_country_or_sovereign_state""]",[],"[""Q6256"", ""Q3624078""]"
Q117,Ghana,https://vi.wikipedia.org/wiki/Ghana,Ghana,wikidata_direct_country_or_sovereign_state,"[""wikidata_direct_country_or_sovereign_state""]",[],"[""Q6256"", ""Q3624078""]"
Q142,Pháp,https://vi.wikipedia.org/wiki/Ph%C3%A1p,France,wikidata_direct_country_or_sovereign_state,"[""wikidata_direct_country_or_sovereign_state""]",[],"[""Q6256"", ""Q3624078""]"
Q145,Vương quốc Liên hiệp Anh và Bắc Ireland,https://vi.wikipedia.org/wiki/V%C6%B0%C6%A1ng_qu%E1%BB%91c_Li%C3%AAn_hi%E1%BB%87p_Anh_v%C3%A0_B%E1%BA%AFc_Ireland,United Kingdom,wikidata_direct_country_or_sovereign_state,"[""wikidata_direct_country_or_sovereign_state""]",[],"[""Q6256"", ""Q3624078""]"
Q148,Trung Quốc,https://vi.wikipedia.org/wiki/Trung_Qu%E1%BB%91c,China,wikidata_direct_country_or_sovereign_state,"[""wikidata_direct_country_or_sovereign_state""]",[],"[""Q6256"", ""Q3624078""]"
Q155,Brasil,https://vi.wikipedia.org/wiki/Brasil,Brazil,wikidata_direct_country_or_sovereign_state,"[""wikidata_direct_country_or_sovereign_state""]",[],"[""Q6256"", ""Q3624078""]"
Q159,Nga,https://vi.wikipedia.org/wiki/Nga,Russia,wikidata_direct_country_or_sovereign_state,"[""wikidata_direct_country_or_sovereign_state""]",[],"[""Q6256"", ""Q3624078""]"
Q16,Canada,https://vi.wikipedia.org/wiki/Canada,Canada,wikidata_direct_country_or_sovereign_state,"[""wikidata_direct_country_or_sovereign_state""]",[],"[""Q6256"", ""Q3624078""]"
Q17,Nhật Bản,https://vi.wikipedia.org/wiki/Nh%E1%BA%ADt_B%E1%BA%A3n,Japan,wikidata_direct_country_or_sovereign_state,"[""wikidata_direct_country_or_sovereign_state""]",[],"[""Q6256"", ""Q3624078""]"
Q183,Đức,https://vi.wikipedia.org/wiki/%C4%90%E1%BB%A9c,Germany,wikidata_direct_country_or_sovereign_state,"[""wikidata_direct_country_or_sovereign_state""]",[],"[""Q6256"", ""Q3624078""]"
Q184,Belarus,https://vi.wikipedia.org/wiki/Belarus,Belarus,wikidata_direct_country_or_sovereign_state,"[""wikidata_direct_country_or_sovereign_state""]",[],"[""Q6256"", ""Q3624078""]"
Q189,Iceland,https://vi.wikipedia.org/wiki/Iceland,Iceland,wikidata_direct_country_or_sovereign_state,"[""wikidata_direct_country_or_sovereign_state""]",[],"[""Q6256"", ""Q3624078""]"
Q191,Estonia,https://vi.wikipedia.org/wiki/Estonia,Estonia,wikidata_direct_country_or_sovereign_state,"[""wikidata_direct_country_or_sovereign_state""]",[],"[""Q6256"", ""Q3624078""]"
Q20,Na Uy,https://vi.wikipedia.org/wiki/Na_Uy,Norway,wikidata_direct_country_or_sovereign_state,"[""wikidata_direct_country_or_sovereign_state""]",[],"[""Q6256"", ""Q3624078""]"
Q211,Latvia,https://vi.wikipedia.org/wiki/Latvia,Latvia,wikidata_direct_country_or_sovereign_state,"[""wikidata_direct_country_or_sovereign_state""]",[],"[""Q6256"", ""Q3624078""]"
Q212,Ukraina,https://vi.wikipedia.org/wiki/Ukraina,Ukraine,wikidata_direct_country_or_sovereign_state,"[""wikidata_direct_country_or_sovereign_state""]",[],"[""Q6256"", ""Q3624078""]"
Q213,Séc,https://vi.wikipedia.org/wiki/S%C3%A9c,Czech Republic,wikidata_direct_country_or_sovereign_state,"[""wikidata_direct_country_or_sovereign_state""]",[],"[""Q6256"", ""Q3624078""]"
Q214,Slovakia,https://vi.wikipedia.org/wiki/Slovakia,Slovakia,wikidata_direct_country_or_sovereign_state,"[""wikidata_direct_country_or_sovereign_state""]",[],"[""Q6256"", ""Q3624078""]"
Q215,Slovenia,https://vi.wikipedia.org/wiki/Slovenia,Slovenia,wikidata_direct_country_or_sovereign_state,"[""wikidata_direct_country_or_sovereign_state""]",[],"[""Q6256"", ""Q3624078""]"
Q217,Moldova,https://vi.wikipedia.org/wiki/Moldova,Moldova,wikidata_direct_country_or_sovereign_state,"[""wikidata_direct_country_or_sovereign_state""]",[],"[""Q6256"", ""Q3624078""]"
Q218,România,https://vi.wikipedia.org/wiki/Rom%C3%A2nia,Romania,wikidata_direct_country_or_sovereign_state,"[""wikidata_direct_country_or_sovereign_state""]",[],"[""Q6256"", ""Q3624078""]"
Q219,Bulgaria,https://vi.wikipedia.org/wiki/Bulgaria,Bulgaria,wikidata_direct_country_or_sovereign_state,"[""wikidata_direct_country_or_sovereign_state""]",[],"[""Q6256"", ""Q3624078""]"
Q221,Bắc Macedonia,https://vi.wikipedia.org/wiki/B%E1%BA%AFc_Macedonia,North Macedonia,wikidata_direct_country_or_sovereign_state,"[""wikidata_direct_country_or_sovereign_state""]",[],"[""Q6256"", ""Q3624078""]"
Q222,Albania,https://vi.wikipedia.org/wiki/Albania,Albania,wikidata_direct_country_or_sovereign_state,"[""wikidata_direct_country_or_sovereign_state""]",[],"[""Q6256"", ""Q3624078""]"
Q224,Croatia,https://vi.wikipedia.org/wiki/Croatia,Croatia,wikidata_direct_country_or_sovereign_state,"[""wikidata_direct_country_or_sovereign_state""]",[],"[""Q6256"", ""Q3624078""]"
Q225,Bosna và Hercegovina,https://vi.wikipedia.org/wiki/Bosna_v%C3%A0_Hercegovina,Bosnia and Herzegovina,wikidata_direct_country_or_sovereign_state,"[""wikidata_direct_country_or_sovereign_state""]",[],"[""Q6256"", ""Q3624078""]"
Q227,Azerbaijan,https://vi.wikipedia.org/wiki/Azerbaijan,Azerbaijan,wikidata_direct_country_or_sovereign_state,"[""wikidata_direct_country_or_sovereign_state""]",[],"[""Q6256"", ""Q3624078""]"
Q228,Andorra,https://vi.wikipedia.org/wiki/Andorra,Andorra,wikidata_direct_country_or_sovereign_state,"[""wikidata_direct_country_or_sovereign_state""]",[],"[""Q6256"", ""Q3624078""]"
Q229,Síp,https://vi.wikipedia.org/wiki/S%C3%ADp,Cyprus,wikidata_direct_country_or_sovereign_state,"[""wikidata_direct_country_or_sovereign_state""]",[],"[""Q6256"", ""Q3624078""]"
Q230,Gruzia,https://vi.wikipedia.org/wiki/Gruzia,Georgia (country),wikidata_direct_country_or_sovereign_state,"[""wikidata_direct_country_or_sovereign_state""]",[],"[""Q6256"", ""Q3624078""]"
Q232,Kazakhstan,https://vi.wikipedia.org/wiki/Kazakhstan,Kazakhstan,wikidata_direct_country_or_sovereign_state,"[""wikidata_direct_country_or_sovereign_state""]",[],"[""Q6256"", ""Q3624078""]"
Q233,Malta,https://vi.wikipedia.org/wiki/Malta,Malta,wikidata_direct_country_or_sovereign_state,"[""wikidata_direct_country_or_sovereign_state""]",[],"[""Q6256"", ""Q3624078""]"
Q235,Monaco,https://vi.wikipedia.org/wiki/Monaco,Monaco,wikidata_direct_country_or_sovereign_state,"[""wikidata_direct_country_or_sovereign_state""]",[],"[""Q6256"", ""Q3624078""]"
Q236,Montenegro,https://vi.wikipedia.org/wiki/Montenegro,Montenegro,wikidata_direct_country_or_sovereign_state,"[""wikidata_direct_country_or_sovereign_state""]",[],"[""Q6256"", ""Q3624078""]"
Q237,Thành Vatican,https://vi.wikipedia.org/wiki/Th%C3%A0nh_Vatican,Vatican City,wikidata_direct_country_or_sovereign_state,"[""wikidata_direct_country_or_sovereign_state""]",[],"[""Q6256"", ""Q3624078""]"
Q238,San Marino,https://vi.wikipedia.org/wiki/San_Marino,San Marino,wikidata_direct_country_or_sovereign_state,"[""wikidata_direct_country_or_sovereign_state""]",[],"[""Q3624078"", ""Q6256""]"
Q241,Cuba,https://vi.wikipedia.org/wiki/Cuba,Cuba,wikidata_direct_country_or_sovereign_state,"[""wikidata_direct_country_or_sovereign_state""]",[],"[""Q6256"", ""Q3624078""]"
Q242,Belize,https://vi.wikipedia.org/wiki/Belize,Belize,wikidata_direct_country_or_sovereign_state,"[""wikidata_direct_country_or_sovereign_state""]",[],"[""Q6256"", ""Q3624078""]"
Q244,Barbados,https://vi.wikipedia.org/wiki/Barbados,Barbados,wikidata_direct_country_or_sovereign_state,"[""wikidata_direct_country_or_sovereign_state""]",[],"[""Q6256"", ""Q3624078""]"
Q252,Indonesia,https://vi.wikipedia.org/wiki/Indonesia,Indonesia,wikidata_direct_country_or_sovereign_state,"[""wikidata_direct_country_or_sovereign_state""]",[],"[""Q6256"", ""Q3624078""]"
Q27,Cộng hòa Ireland,https://vi.wikipedia.org/wiki/C%E1%BB%99ng_h%C3%B2a_Ireland,Republic of Ireland,wikidata_direct_country_or_sovereign_state,"[""wikidata_direct_country_or_sovereign_state""]",[],"[""Q6256"", ""Q3624078""]"
Q28,Hungary,https://vi.wikipedia.org/wiki/Hungary,Hungary,wikidata_direct_country_or_sovereign_state,"[""wikidata_direct_country_or_sovereign_state""]",[],"[""Q6256"", ""Q3624078""]"
Q29,Tây Ban Nha,https://vi.wikipedia.org/wiki/T%C3%A2y_Ban_Nha,Spain,wikidata_direct_country_or_sovereign_state,"[""wikidata_direct_country_or_sovereign_state""]",[],"[""Q6256"", ""Q3624078""]"
Q30,Hoa Kỳ,https://vi.wikipedia.org/wiki/Hoa_K%E1%BB%B3,United States,wikidata_direct_country_or_sovereign_state,"[""wikidata_direct_country_or_sovereign_state""]",[],"[""Q6256"", ""Q3624078""]"
Q31,Bỉ,https://vi.wikipedia.org/wiki/B%E1%BB%89,Belgium,wikidata_direct_country_or_sovereign_state,"[""wikidata_direct_country_or_sovereign_state""]",[],"[""Q6256"", ""Q3624078""]"
Q32,Luxembourg,https://vi.wikipedia.org/wiki/Luxembourg,Luxembourg,wikidata_direct_country_or_sovereign_state,"[""wikidata_direct_country_or_sovereign_state""]",[],"[""Q6256"", ""Q3624078""]"
Q33,Phần Lan,https://vi.wikipedia.org/wiki/Ph%E1%BA%A7n_Lan,Finland,wikidata_direct_country_or_sovereign_state,"[""wikidata_direct_country_or_sovereign_state""]",[],"[""Q6256"", ""Q3624078""]"
Q34,Thụy Điển,https://vi.wikipedia.org/wiki/Th%E1%BB%A5y_%C4%90i%E1%BB%83n,Sweden,wikidata_direct_country_or_sovereign_state,"[""wikidata_direct_country_or_sovereign_state""]",[],"[""Q6256"", ""Q3624078""]"
Q35,Đan Mạch,https://vi.wikipedia.org/wiki/%C4%90an_M%E1%BA%A1ch,Denmark,wikidata_direct_country_or_sovereign_state,"[""wikidata_direct_country_or_sovereign_state""]",[],"[""Q6256""]"
Q36,Ba Lan,https://vi.wikipedia.org/wiki/Ba_Lan,Poland,wikidata_direct_country_or_sovereign_state,"[""wikidata_direct_country_or_sovereign_state""]",[],"[""Q6256"", ""Q3624078""]"
Q37,Litva,https://vi.wikipedia.org/wiki/Litva,Lithuania,wikidata_direct_country_or_sovereign_state,"[""wikidata_direct_country_or_sovereign_state""]",[],"[""Q6256"", ""Q3624078""]"
Q38,Ý,https://vi.wikipedia.org/wiki/%C3%9D,Italy,wikidata_direct_country_or_sovereign_state,"[""wikidata_direct_country_or_sovereign_state""]",[],"[""Q6256"", ""Q3624078""]"
Q39,Thụy Sĩ,https://vi.wikipedia.org/wiki/Th%E1%BB%A5y_S%C4%A9,Switzerland,wikidata_direct_country_or_sovereign_state,"[""wikidata_direct_country_or_sovereign_state""]",[],"[""Q6256"", ""Q3624078""]"
Q40,Áo,https://vi.wikipedia.org/wiki/%C3%81o,Austria,wikidata_direct_country_or_sovereign_state,"[""wikidata_direct_country_or_sovereign_state""]",[],"[""Q6256"", ""Q3624078""]"
Q41,Hy Lạp,https://vi.wikipedia.org/wiki/Hy_L%E1%BA%A1p,Greece,wikidata_direct_country_or_sovereign_state,"[""wikidata_direct_country_or_sovereign_state""]",[],"[""Q6256"", ""Q3624078""]"
Q43,Thổ Nhĩ Kỳ,https://vi.wikipedia.org/wiki/Th%E1%BB%95_Nh%C4%A9_K%E1%BB%B3,Turkey,wikidata_direct_country_or_sovereign_state,"[""wikidata_direct_country_or_sovereign_state""]",[],"[""Q6256"", ""Q3624078""]"
Q45,Bồ Đào Nha,https://vi.wikipedia.org/wiki/B%E1%BB%93_%C4%90%C3%A0o_Nha,Portugal,wikidata_direct_country_or_sovereign_state,"[""wikidata_direct_country_or_sovereign_state""]",[],"[""Q6256"", ""Q3624078""]"
Q55,Hà Lan,https://vi.wikipedia.org/wiki/H%C3%A0_Lan,Netherlands,wikidata_direct_country_or_sovereign_state,"[""wikidata_direct_country_or_sovereign_state""]",[],"[""Q6256""]"
Q77,Uruguay,https://vi.wikipedia.org/wiki/Uruguay,Uruguay,wikidata_direct_country_or_sovereign_state,"[""wikidata_direct_country_or_sovereign_state""]",[],"[""Q6256"", ""Q3624078""]"
Q79,Ai Cập,https://vi.wikipedia.org/wiki/Ai_C%E1%BA%ADp,Egypt,wikidata_direct_country_or_sovereign_state,"[""wikidata_direct_country_or_sovereign_state""]",[],"[""Q6256"", ""Q3624078""]"
Q96,México,https://vi.wikipedia.org/wiki/M%C3%A9xico,Mexico,wikidata_direct_country_or_sovereign_state,"[""wikidata_direct_country_or_sovereign_state""]",[],"[""Q6256"", ""Q3624078""]"
Q219060,Nhà nước Palestine,https://vi.wikipedia.org/wiki/Nh%C3%A0_n%C6%B0%E1%BB%9Bc_Palestine,Palestine,wikidata_direct_country_or_sovereign_state,"[""wikidata_direct_country_or_sovereign_state""]",[],"[""Q6256"", ""Q3624078""]"
Q1000,Gabon,https://vi.wikipedia.org/wiki/Gabon,Gabon,wikidata_direct_country_or_sovereign_state,"[""wikidata_direct_country_or_sovereign_state""]",[],"[""Q6256"", ""Q3624078""]"
Q1005,Gambia,https://vi.wikipedia.org/wiki/Gambia,The Gambia,wikidata_direct_country_or_sovereign_state,"[""wikidata_direct_country_or_sovereign_state""]",[],"[""Q6256"", ""Q3624078""]"
Q1006,Guinée,https://vi.wikipedia.org/wiki/Guin%C3%A9e,Guinea,wikidata_direct_country_or_sovereign_state,"[""wikidata_direct_country_or_sovereign_state""]",[],"[""Q6256"", ""Q3624078""]"
Q1007,Guiné-Bissau,https://vi.wikipedia.org/wiki/Guin%C3%A9-Bissau,Guinea-Bissau,wikidata_direct_country_or_sovereign_state,"[""wikidata_direct_country_or_sovereign_state""]",[],"[""Q6256"", ""Q3624078""]"
Q1008,Bờ Biển Ngà,https://vi.wikipedia.org/wiki/B%E1%BB%9D_Bi%E1%BB%83n_Ng%C3%A0,Ivory Coast,wikidata_direct_country_or_sovereign_state,"[""wikidata_direct_country_or_sovereign_state""]",[],"[""Q6256"", ""Q3624078""]"
Q1009,Cameroon,https://vi.wikipedia.org/wiki/Cameroon,Cameroon,wikidata_direct_country_or_sovereign_state,"[""wikidata_direct_country_or_sovereign_state""]",[],"[""Q6256"", ""Q3624078""]"
Q1011,Cabo Verde,https://vi.wikipedia.org/wiki/Cabo_Verde,Cape Verde,wikidata_direct_country_or_sovereign_state,"[""wikidata_direct_country_or_sovereign_state""]",[],"[""Q6256"", ""Q3624078""]"
Q1013,Lesotho,https://vi.wikipedia.org/wiki/Lesotho,Lesotho,wikidata_direct_country_or_sovereign_state,"[""wikidata_direct_country_or_sovereign_state""]",[],"[""Q6256"", ""Q3624078""]"
Q1014,Liberia,https://vi.wikipedia.org/wiki/Liberia,Liberia,wikidata_direct_country_or_sovereign_state,"[""wikidata_direct_country_or_sovereign_state""]",[],"[""Q6256"", ""Q3624078""]"
Q1016,Libya,https://vi.wikipedia.org/wiki/Libya,Libya,wikidata_direct_country_or_sovereign_state,"[""wikidata_direct_country_or_sovereign_state""]",[],"[""Q6256"", ""Q3624078""]"
Q1019,Madagascar,https://vi.wikipedia.org/wiki/Madagascar,Madagascar,wikidata_direct_country_or_sovereign_state,"[""wikidata_direct_country_or_sovereign_state""]",[],"[""Q6256"", ""Q3624078""]"
Q1020,Malawi,https://vi.wikipedia.org/wiki/Malawi,Malawi,wikidata_direct_country_or_sovereign_state,"[""wikidata_direct_country_or_sovereign_state""]",[],"[""Q6256"", ""Q3624078""]"
Q1025,Mauritanie,https://vi.wikipedia.org/wiki/Mauritanie,Mauritania,wikidata_direct_country_or_sovereign_state,"[""wikidata_direct_country_or_sovereign_state""]",[],"[""Q6256"", ""Q3624078""]"
Q1027,Mauritius,https://vi.wikipedia.org/wiki/Mauritius,Mauritius,wikidata_direct_country_or_sovereign_state,"[""wikidata_direct_country_or_sovereign_state""]",[],"[""Q6256"", ""Q3624078""]"
Q1028,Maroc,https://vi.wikipedia.org/wiki/Maroc,Morocco,wikidata_direct_country_or_sovereign_state,"[""wikidata_direct_country_or_sovereign_state""]",[],"[""Q6256"", ""Q3624078""]"
Q1029,Mozambique,https://vi.wikipedia.org/wiki/Mozambique,Mozambique,wikidata_direct_country_or_sovereign_state,"[""wikidata_direct_country_or_sovereign_state""]",[],"[""Q6256"", ""Q3624078""]"
Q1030,Namibia,https://vi.wikipedia.org/wiki/Namibia,Namibia,wikidata_direct_country_or_sovereign_state,"[""wikidata_direct_country_or_sovereign_state""]",[],"[""Q6256"", ""Q3624078""]"
Q1032,Niger,https://vi.wikipedia.org/wiki/Niger,Niger,wikidata_direct_country_or_sovereign_state,"[""wikidata_direct_country_or_sovereign_state""]",[],"[""Q6256"", ""Q3624078""]"
Q1033,Nigeria,https://vi.wikipedia.org/wiki/Nigeria,Nigeria,wikidata_direct_country_or_sovereign_state,"[""wikidata_direct_country_or_sovereign_state""]",[],"[""Q6256"", ""Q3624078""]"
Q1036,Uganda,https://vi.wikipedia.org/wiki/Uganda,Uganda,wikidata_direct_country_or_sovereign_state,"[""wikidata_direct_country_or_sovereign_state""]",[],"[""Q6256"", ""Q3624078""]"
Q1037,Rwanda,https://vi.wikipedia.org/wiki/Rwanda,Rwanda,wikidata_direct_country_or_sovereign_state,"[""wikidata_direct_country_or_sovereign_state""]",[],"[""Q6256"", ""Q3624078""]"
Q1039,São Tomé và Príncipe,https://vi.wikipedia.org/wiki/S%C3%A3o_Tom%C3%A9_v%C3%A0_Pr%C3%ADncipe,São Tomé and Príncipe,wikidata_direct_country_or_sovereign_state,"[""wikidata_direct_country_or_sovereign_state""]",[],"[""Q6256"", ""Q3624078""]"
Q1041,Sénégal,https://vi.wikipedia.org/wiki/S%C3%A9n%C3%A9gal,Senegal,wikidata_direct_country_or_sovereign_state,"[""wikidata_direct_country_or_sovereign_state""]",[],"[""Q6256"", ""Q3624078""]"
Q1042,Seychelles,https://vi.wikipedia.org/wiki/Seychelles,Seychelles,wikidata_direct_country_or_sovereign_state,"[""wikidata_direct_country_or_sovereign_state""]",[],"[""Q6256"", ""Q3624078""]"
Q1044,Sierra Leone,https://vi.wikipedia.org/wiki/Sierra_Leone,Sierra Leone,wikidata_direct_country_or_sovereign_state,"[""wikidata_direct_country_or_sovereign_state""]",[],"[""Q6256"", ""Q3624078""]"
Q1045,Somalia,https://vi.wikipedia.org/wiki/Somalia,Somalia,wikidata_direct_country_or_sovereign_state,"[""wikidata_direct_country_or_sovereign_state""]",[],"[""Q6256"", ""Q3624078""]"
Q1049,Sudan,https://vi.wikipedia.org/wiki/Sudan,Sudan,wikidata_direct_country_or_sovereign_state,"[""wikidata_direct_country_or_sovereign_state""]",[],"[""Q6256"", ""Q3624078""]"
Q1050,Eswatini,https://vi.wikipedia.org/wiki/Eswatini,Eswatini,wikidata_direct_country_or_sovereign_state,"[""wikidata_direct_country_or_sovereign_state""]",[],"[""Q6256"", ""Q3624078""]"
Q1246,Kosovo,https://vi.wikipedia.org/wiki/Kosovo,Kosovo,wikidata_direct_country_or_sovereign_state,"[""wikidata_direct_country_or_sovereign_state""]",[],"[""Q6256"", ""Q3624078""]"
Q258,Cộng hòa Nam Phi,https://vi.wikipedia.org/wiki/C%E1%BB%99ng_h%C3%B2a_Nam_Phi,South Africa,wikidata_direct_country_or_sovereign_state,"[""wikidata_direct_country_or_sovereign_state""]",[],"[""Q6256"", ""Q3624078""]"
Q262,Algérie,https://vi.wikipedia.org/wiki/Alg%C3%A9rie,Algeria,wikidata_direct_country_or_sovereign_state,"[""wikidata_direct_country_or_sovereign_state""]",[],"[""Q6256"", ""Q3624078""]"
Q265,Uzbekistan,https://vi.wikipedia.org/wiki/Uzbekistan,Uzbekistan,wikidata_direct_country_or_sovereign_state,"[""wikidata_direct_country_or_sovereign_state""]",[],"[""Q6256"", ""Q3624078""]"
Q298,Chile,https://vi.wikipedia.org/wiki/Chile,Chile,wikidata_direct_country_or_sovereign_state,"[""wikidata_direct_country_or_sovereign_state""]",[],"[""Q6256"", ""Q3624078""]"
Q334,Singapore,https://vi.wikipedia.org/wiki/Singapore,Singapore,wikidata_direct_country_or_sovereign_state,"[""wikidata_direct_country_or_sovereign_state""]",[],"[""Q6256"", ""Q3624078""]"
Q347,Liechtenstein,https://vi.wikipedia.org/wiki/Liechtenstein,Liechtenstein,wikidata_direct_country_or_sovereign_state,"[""wikidata_direct_country_or_sovereign_state""]",[],"[""Q6256"", ""Q3624078""]"
Q398,Bahrain,https://vi.wikipedia.org/wiki/Bahrain,Bahrain,wikidata_direct_country_or_sovereign_state,"[""wikidata_direct_country_or_sovereign_state""]",[],"[""Q6256"", ""Q3624078""]"
Q399,Armenia,https://vi.wikipedia.org/wiki/Armenia,Armenia,wikidata_direct_country_or_sovereign_state,"[""wikidata_direct_country_or_sovereign_state""]",[],"[""Q6256"", ""Q3624078""]"
Q403,Serbia,https://vi.wikipedia.org/wiki/Serbia,Serbia,wikidata_direct_country_or_sovereign_state,"[""wikidata_direct_country_or_sovereign_state""]",[],"[""Q6256"", ""Q3624078""]"
Q408,Úc,https://vi.wikipedia.org/wiki/%C3%9Ac,Australia,wikidata_direct_country_or_sovereign_state,"[""wikidata_direct_country_or_sovereign_state""]",[],"[""Q6256"", ""Q3624078""]"
Q414,Argentina,https://vi.wikipedia.org/wiki/Argentina,Argentina,wikidata_direct_country_or_sovereign_state,"[""wikidata_direct_country_or_sovereign_state""]",[],"[""Q6256"", ""Q3624078""]"
Q419,Perú,https://vi.wikipedia.org/wiki/Per%C3%BA,Peru,wikidata_direct_country_or_sovereign_state,"[""wikidata_direct_country_or_sovereign_state""]",[],"[""Q6256"", ""Q3624078""]"
Q423,Cộng hòa Dân chủ Nhân dân Triều Tiên,https://vi.wikipedia.org/wiki/C%E1%BB%99ng_h%C3%B2a_D%C3%A2n_ch%E1%BB%A7_Nh%C3%A2n_d%C3%A2n_Tri%E1%BB%81u_Ti%C3%AAn,North Korea,wikidata_direct_country_or_sovereign_state,"[""wikidata_direct_country_or_sovereign_state""]",[],"[""Q6256"", ""Q3624078""]"
Q424,Campuchia,https://vi.wikipedia.org/wiki/Campuchia,Cambodia,wikidata_direct_country_or_sovereign_state,"[""wikidata_direct_country_or_sovereign_state""]",[],"[""Q6256"", ""Q3624078""]"
Q574,Đông Timor,https://vi.wikipedia.org/wiki/%C4%90%C3%B4ng_Timor,Timor-Leste,wikidata_direct_country_or_sovereign_state,"[""wikidata_direct_country_or_sovereign_state""]",[],"[""Q6256"", ""Q3624078""]"
Q657,Tchad,https://vi.wikipedia.org/wiki/Tchad,Chad,wikidata_direct_country_or_sovereign_state,"[""wikidata_direct_country_or_sovereign_state""]",[],"[""Q6256"", ""Q3624078""]"
Q664,New Zealand,https://vi.wikipedia.org/wiki/New_Zealand,New Zealand,wikidata_direct_country_or_sovereign_state,"[""wikidata_direct_country_or_sovereign_state""]",[],"[""Q6256"", ""Q3624078""]"
Q668,Ấn Độ,https://vi.wikipedia.org/wiki/%E1%BA%A4n_%C4%90%E1%BB%99,India,wikidata_direct_country_or_sovereign_state,"[""wikidata_direct_country_or_sovereign_state""]",[],"[""Q6256"", ""Q3624078""]"
Q672,Tuvalu,https://vi.wikipedia.org/wiki/Tuvalu,Tuvalu,wikidata_direct_country_or_sovereign_state,"[""wikidata_direct_country_or_sovereign_state""]",[],"[""Q6256"", ""Q3624078""]"
Q678,Tonga,https://vi.wikipedia.org/wiki/Tonga,Tonga,wikidata_direct_country_or_sovereign_state,"[""wikidata_direct_country_or_sovereign_state""]",[],"[""Q6256"", ""Q3624078""]"
Q683,Samoa,https://vi.wikipedia.org/wiki/Samoa,Samoa,wikidata_direct_country_or_sovereign_state,"[""wikidata_direct_country_or_sovereign_state""]",[],"[""Q6256"", ""Q3624078""]"
Q685,Quần đảo Solomon,https://vi.wikipedia.org/wiki/Qu%E1%BA%A7n_%C4%91%E1%BA%A3o_Solomon,Solomon Islands,wikidata_direct_country_or_sovereign_state,"[""wikidata_direct_country_or_sovereign_state""]",[],"[""Q6256"", ""Q3624078""]"
Q686,Vanuatu,https://vi.wikipedia.org/wiki/Vanuatu,Vanuatu,wikidata_direct_country_or_sovereign_state,"[""wikidata_direct_country_or_sovereign_state""]",[],"[""Q6256"", ""Q3624078""]"
Q691,Papua New Guinea,https://vi.wikipedia.org/wiki/Papua_New_Guinea,Papua New Guinea,wikidata_direct_country_or_sovereign_state,"[""wikidata_direct_country_or_sovereign_state""]",[],"[""Q6256"", ""Q3624078""]"
Q695,Palau,https://vi.wikipedia.org/wiki/Palau,Palau,wikidata_direct_country_or_sovereign_state,"[""wikidata_direct_country_or_sovereign_state""]",[],"[""Q6256"", ""Q3624078""]"
Q697,Nauru,https://vi.wikipedia.org/wiki/Nauru,Nauru,wikidata_direct_country_or_sovereign_state,"[""wikidata_direct_country_or_sovereign_state""]",[],"[""Q6256"", ""Q3624078""]"
Q702,Liên bang Micronesia,https://vi.wikipedia.org/wiki/Li%C3%AAn_bang_Micronesia,Federated States of Micronesia,wikidata_direct_country_or_sovereign_state,"[""wikidata_direct_country_or_sovereign_state""]",[],"[""Q6256"", ""Q3624078""]"
Q709,Quần đảo Marshall,https://vi.wikipedia.org/wiki/Qu%E1%BA%A7n_%C4%91%E1%BA%A3o_Marshall,Marshall Islands,wikidata_direct_country_or_sovereign_state,"[""wikidata_direct_country_or_sovereign_state""]",[],"[""Q6256"", ""Q3624078""]"
Q710,Kiribati,https://vi.wikipedia.org/wiki/Kiribati,Kiribati,wikidata_direct_country_or_sovereign_state,"[""wikidata_direct_country_or_sovereign_state""]",[],"[""Q6256"", ""Q3624078""]"
Q711,Mông Cổ,https://vi.wikipedia.org/wiki/M%C3%B4ng_C%E1%BB%95,Mongolia,wikidata_direct_country_or_sovereign_state,"[""wikidata_direct_country_or_sovereign_state""]",[],"[""Q6256"", ""Q3624078""]"
Q712,Fiji,https://vi.wikipedia.org/wiki/Fiji,Fiji,wikidata_direct_country_or_sovereign_state,"[""wikidata_direct_country_or_sovereign_state""]",[],"[""Q6256"", ""Q3624078""]"
Q717,Venezuela,https://vi.wikipedia.org/wiki/Venezuela,Venezuela,wikidata_direct_country_or_sovereign_state,"[""wikidata_direct_country_or_sovereign_state""]",[],"[""Q6256"", ""Q3624078""]"
Q730,Suriname,https://vi.wikipedia.org/wiki/Suriname,Suriname,wikidata_direct_country_or_sovereign_state,"[""wikidata_direct_country_or_sovereign_state""]",[],"[""Q6256"", ""Q3624078""]"
Q733,Paraguay,https://vi.wikipedia.org/wiki/Paraguay,Paraguay,wikidata_direct_country_or_sovereign_state,"[""wikidata_direct_country_or_sovereign_state""]",[],"[""Q6256"", ""Q3624078""]"
Q734,Guyana,https://vi.wikipedia.org/wiki/Guyana,Guyana,wikidata_direct_country_or_sovereign_state,"[""wikidata_direct_country_or_sovereign_state""]",[],"[""Q6256"", ""Q3624078""]"
Q736,Ecuador,https://vi.wikipedia.org/wiki/Ecuador,Ecuador,wikidata_direct_country_or_sovereign_state,"[""wikidata_direct_country_or_sovereign_state""]",[],"[""Q6256"", ""Q3624078""]"
Q739,Colombia,https://vi.wikipedia.org/wiki/Colombia,Colombia,wikidata_direct_country_or_sovereign_state,"[""wikidata_direct_country_or_sovereign_state""]",[],"[""Q6256"", ""Q3624078""]"
Q750,Bolivia,https://vi.wikipedia.org/wiki/Bolivia,Bolivia,wikidata_direct_country_or_sovereign_state,"[""wikidata_direct_country_or_sovereign_state""]",[],"[""Q6256"", ""Q3624078""]"
Q754,Trinidad và Tobago,https://vi.wikipedia.org/wiki/Trinidad_v%C3%A0_Tobago,Trinidad and Tobago,wikidata_direct_country_or_sovereign_state,"[""wikidata_direct_country_or_sovereign_state""]",[],"[""Q6256"", ""Q3624078""]"
Q757,Saint Vincent và Grenadines,https://vi.wikipedia.org/wiki/Saint_Vincent_v%C3%A0_Grenadines,Saint Vincent and the Grenadines,wikidata_direct_country_or_sovereign_state,"[""wikidata_direct_country_or_sovereign_state""]",[],"[""Q6256"", ""Q3624078""]"
Q760,Saint Lucia,https://vi.wikipedia.org/wiki/Saint_Lucia,Saint Lucia,wikidata_direct_country_or_sovereign_state,"[""wikidata_direct_country_or_sovereign_state""]",[],"[""Q6256"", ""Q3624078""]"
Q763,Saint Kitts và Nevis,https://vi.wikipedia.org/wiki/Saint_Kitts_v%C3%A0_Nevis,Saint Kitts and Nevis,wikidata_direct_country_or_sovereign_state,"[""wikidata_direct_country_or_sovereign_state""]",[],"[""Q6256"", ""Q3624078""]"
Q766,Jamaica,https://vi.wikipedia.org/wiki/Jamaica,Jamaica,wikidata_direct_country_or_sovereign_state,"[""wikidata_direct_country_or_sovereign_state""]",[],"[""Q6256"", ""Q3624078""]"
Q769,Grenada,https://vi.wikipedia.org/wiki/Grenada,Grenada,wikidata_direct_country_or_sovereign_state,"[""wikidata_direct_country_or_sovereign_state""]",[],"[""Q6256"", ""Q3624078""]"
Q774,Guatemala,https://vi.wikipedia.org/wiki/Guatemala,Guatemala,wikidata_direct_country_or_sovereign_state,"[""wikidata_direct_country_or_sovereign_state""]",[],"[""Q6256"", ""Q3624078""]"
Q778,Bahamas,https://vi.wikipedia.org/wiki/Bahamas,The Bahamas,wikidata_direct_country_or_sovereign_state,"[""wikidata_direct_country_or_sovereign_state""]",[],"[""Q6256"", ""Q3624078""]"
Q781,Antigua và Barbuda,https://vi.wikipedia.org/wiki/Antigua_v%C3%A0_Barbuda,Antigua and Barbuda,wikidata_direct_country_or_sovereign_state,"[""wikidata_direct_country_or_sovereign_state""]",[],"[""Q6256"", ""Q3624078""]"
Q783,Honduras,https://vi.wikipedia.org/wiki/Honduras,Honduras,wikidata_direct_country_or_sovereign_state,"[""wikidata_direct_country_or_sovereign_state""]",[],"[""Q6256"", ""Q3624078""]"
Q784,Dominica,https://vi.wikipedia.org/wiki/Dominica,Dominica,wikidata_direct_country_or_sovereign_state,"[""wikidata_direct_country_or_sovereign_state""]",[],"[""Q6256"", ""Q3624078""]"
Q786,Cộng hòa Dominica,https://vi.wikipedia.org/wiki/C%E1%BB%99ng_h%C3%B2a_Dominica,Dominican Republic,wikidata_direct_country_or_sovereign_state,"[""wikidata_direct_country_or_sovereign_state""]",[],"[""Q6256"", ""Q3624078""]"
Q790,Haiti,https://vi.wikipedia.org/wiki/Haiti,Haiti,wikidata_direct_country_or_sovereign_state,"[""wikidata_direct_country_or_sovereign_state""]",[],"[""Q6256"", ""Q3624078""]"
Q792,El Salvador,https://vi.wikipedia.org/wiki/El_Salvador,El Salvador,wikidata_direct_country_or_sovereign_state,"[""wikidata_direct_country_or_sovereign_state""]",[],"[""Q6256"", ""Q3624078""]"
Q794,Iran,https://vi.wikipedia.org/wiki/Iran,Iran,wikidata_direct_country_or_sovereign_state,"[""wikidata_direct_country_or_sovereign_state""]",[],"[""Q6256"", ""Q3624078""]"
Q796,Iraq,https://vi.wikipedia.org/wiki/Iraq,Iraq,wikidata_direct_country_or_sovereign_state,"[""wikidata_direct_country_or_sovereign_state""]",[],"[""Q6256"", ""Q3624078""]"
Q800,Costa Rica,https://vi.wikipedia.org/wiki/Costa_Rica,Costa Rica,wikidata_direct_country_or_sovereign_state,"[""wikidata_direct_country_or_sovereign_state""]",[],"[""Q6256"", ""Q3624078""]"
Q801,Israel,https://vi.wikipedia.org/wiki/Israel,Israel,wikidata_direct_country_or_sovereign_state,"[""wikidata_direct_country_or_sovereign_state""]",[],"[""Q6256"", ""Q3624078""]"
Q804,Panamá,https://vi.wikipedia.org/wiki/Panam%C3%A1,Panama,wikidata_direct_country_or_sovereign_state,"[""wikidata_direct_country_or_sovereign_state""]",[],"[""Q6256"", ""Q3624078""]"
Q805,Yemen,https://vi.wikipedia.org/wiki/Yemen,Yemen,wikidata_direct_country_or_sovereign_state,"[""wikidata_direct_country_or_sovereign_state""]",[],"[""Q6256"", ""Q3624078""]"
Q810,Jordan,https://vi.wikipedia.org/wiki/Jordan,Jordan,wikidata_direct_country_or_sovereign_state,"[""wikidata_direct_country_or_sovereign_state""]",[],"[""Q6256"", ""Q3624078""]"
Q811,Nicaragua,https://vi.wikipedia.org/wiki/Nicaragua,Nicaragua,wikidata_direct_country_or_sovereign_state,"[""wikidata_direct_country_or_sovereign_state""]",[],"[""Q6256"", ""Q3624078""]"
Q813,Kyrgyzstan,https://vi.wikipedia.org/wiki/Kyrgyzstan,Kyrgyzstan,wikidata_direct_country_or_sovereign_state,"[""wikidata_direct_country_or_sovereign_state""]",[],"[""Q6256"", ""Q3624078""]"
Q817,Kuwait,https://vi.wikipedia.org/wiki/Kuwait,Kuwait,wikidata_direct_country_or_sovereign_state,"[""wikidata_direct_country_or_sovereign_state""]",[],"[""Q6256"", ""Q3624078""]"
Q819,Lào,https://vi.wikipedia.org/wiki/L%C3%A0o,Laos,wikidata_direct_country_or_sovereign_state,"[""wikidata_direct_country_or_sovereign_state""]",[],"[""Q6256"", ""Q3624078""]"
Q822,Liban,https://vi.wikipedia.org/wiki/Liban,Lebanon,wikidata_direct_country_or_sovereign_state,"[""wikidata_direct_country_or_sovereign_state""]",[],"[""Q6256"", ""Q3624078""]"
Q826,Maldives,https://vi.wikipedia.org/wiki/Maldives,Maldives,wikidata_direct_country_or_sovereign_state,"[""wikidata_direct_country_or_sovereign_state""]",[],"[""Q6256"", ""Q3624078""]"
Q833,Malaysia,https://vi.wikipedia.org/wiki/Malaysia,Malaysia,wikidata_direct_country_or_sovereign_state,"[""wikidata_direct_country_or_sovereign_state""]",[],"[""Q6256"", ""Q3624078""]"
Q836,Myanmar,https://vi.wikipedia.org/wiki/Myanmar,Myanmar,wikidata_direct_country_or_sovereign_state,"[""wikidata_direct_country_or_sovereign_state""]",[],"[""Q6256"", ""Q3624078""]"
Q837,Nepal,https://vi.wikipedia.org/wiki/Nepal,Nepal,wikidata_direct_country_or_sovereign_state,"[""wikidata_direct_country_or_sovereign_state""]",[],"[""Q6256"", ""Q3624078""]"
Q842,Oman,https://vi.wikipedia.org/wiki/Oman,Oman,wikidata_direct_country_or_sovereign_state,"[""wikidata_direct_country_or_sovereign_state""]",[],"[""Q6256"", ""Q3624078""]"
Q843,Pakistan,https://vi.wikipedia.org/wiki/Pakistan,Pakistan,wikidata_direct_country_or_sovereign_state,"[""wikidata_direct_country_or_sovereign_state""]",[],"[""Q6256"", ""Q3624078""]"
Q846,Qatar,https://vi.wikipedia.org/wiki/Qatar,Qatar,wikidata_direct_country_or_sovereign_state,"[""wikidata_direct_country_or_sovereign_state""]",[],"[""Q6256"", ""Q3624078""]"
Q851,Ả Rập Xê Út,https://vi.wikipedia.org/wiki/%E1%BA%A2_R%E1%BA%ADp_X%C3%AA_%C3%9At,Saudi Arabia,wikidata_direct_country_or_sovereign_state,"[""wikidata_direct_country_or_sovereign_state""]",[],"[""Q6256"", ""Q3624078""]"
Q854,Sri Lanka,https://vi.wikipedia.org/wiki/Sri_Lanka,Sri Lanka,wikidata_direct_country_or_sovereign_state,"[""wikidata_direct_country_or_sovereign_state""]",[],"[""Q6256"", ""Q3624078""]"
Q858,Syria,https://vi.wikipedia.org/wiki/Syria,Syria,wikidata_direct_country_or_sovereign_state,"[""wikidata_direct_country_or_sovereign_state""]",[],"[""Q6256"", ""Q3624078""]"
Q863,Tajikistan,https://vi.wikipedia.org/wiki/Tajikistan,Tajikistan,wikidata_direct_country_or_sovereign_state,"[""wikidata_direct_country_or_sovereign_state""]",[],"[""Q6256"", ""Q3624078""]"
Q865,Đài Loan,https://vi.wikipedia.org/wiki/%C4%90%C3%A0i_Loan,Taiwan,wikidata_direct_country_or_sovereign_state,"[""wikidata_direct_country_or_sovereign_state""]",[],"[""Q3624078""]"
Q869,Thái Lan,https://vi.wikipedia.org/wiki/Th%C3%A1i_Lan,Thailand,wikidata_direct_country_or_sovereign_state,"[""wikidata_direct_country_or_sovereign_state""]",[],"[""Q6256"", ""Q3624078""]"
Q874,Turkmenistan,https://vi.wikipedia.org/wiki/Turkmenistan,Turkmenistan,wikidata_direct_country_or_sovereign_state,"[""wikidata_direct_country_or_sovereign_state""]",[],"[""Q6256"", ""Q3624078""]"
Q878,Các Tiểu vương quốc Ả Rập Thống nhất,https://vi.wikipedia.org/wiki/C%C3%A1c_Ti%E1%BB%83u_v%C6%B0%C6%A1ng_qu%E1%BB%91c_%E1%BA%A2_R%E1%BA%ADp_Th%E1%BB%91ng_nh%E1%BA%A5t,United Arab Emirates,wikidata_direct_country_or_sovereign_state,"[""wikidata_direct_country_or_sovereign_state""]",[],"[""Q6256"", ""Q3624078""]"
Q881,Việt Nam,https://vi.wikipedia.org/wiki/Vi%E1%BB%87t_Nam,Vietnam,wikidata_direct_country_or_sovereign_state,"[""wikidata_direct_country_or_sovereign_state""]",[],"[""Q6256"", ""Q3624078""]"
Q884,Hàn Quốc,https://vi.wikipedia.org/wiki/H%C3%A0n_Qu%E1%BB%91c,South Korea,wikidata_direct_country_or_sovereign_state,"[""wikidata_direct_country_or_sovereign_state""]",[],"[""Q6256"", ""Q3624078""]"
Q889,Afghanistan,https://vi.wikipedia.org/wiki/Afghanistan,Afghanistan,wikidata_direct_country_or_sovereign_state,"[""wikidata_direct_country_or_sovereign_state""]",[],"[""Q6256"", ""Q3624078""]"
Q902,Bangladesh,https://vi.wikipedia.org/wiki/Bangladesh,Bangladesh,wikidata_direct_country_or_sovereign_state,"[""wikidata_direct_country_or_sovereign_state""]",[],"[""Q6256"", ""Q3624078""]"
Q912,Mali,https://vi.wikipedia.org/wiki/Mali,Mali,wikidata_direct_country_or_sovereign_state,"[""wikidata_direct_country_or_sovereign_state""]",[],"[""Q6256"", ""Q3624078""]"
Q916,Angola,https://vi.wikipedia.org/wiki/Angola,Angola,wikidata_direct_country_or_sovereign_state,"[""wikidata_direct_country_or_sovereign_state""]",[],"[""Q6256"", ""Q3624078""]"
Q917,Bhutan,https://vi.wikipedia.org/wiki/Bhutan,Bhutan,wikidata_direct_country_or_sovereign_state,"[""wikidata_direct_country_or_sovereign_state""]",[],"[""Q6256"", ""Q3624078""]"
Q921,Brunei,https://vi.wikipedia.org/wiki/Brunei,Brunei,wikidata_direct_country_or_sovereign_state,"[""wikidata_direct_country_or_sovereign_state""]",[],"[""Q6256"", ""Q3624078""]"
Q924,Tanzania,https://vi.wikipedia.org/wiki/Tanzania,Tanzania,wikidata_direct_country_or_sovereign_state,"[""wikidata_direct_country_or_sovereign_state""]",[],"[""Q6256"", ""Q3624078""]"
Q928,Philippines,https://vi.wikipedia.org/wiki/Philippines,Philippines,wikidata_direct_country_or_sovereign_state,"[""wikidata_direct_country_or_sovereign_state""]",[],"[""Q6256"", ""Q3624078""]"
Q929,Cộng hòa Trung Phi,https://vi.wikipedia.org/wiki/C%E1%BB%99ng_h%C3%B2a_Trung_Phi,Central African Republic,wikidata_direct_country_or_sovereign_state,"[""wikidata_direct_country_or_sovereign_state""]",[],"[""Q6256"", ""Q3624078""]"
Q945,Togo,https://vi.wikipedia.org/wiki/Togo,Togo,wikidata_direct_country_or_sovereign_state,"[""wikidata_direct_country_or_sovereign_state""]",[],"[""Q6256"", ""Q3624078""]"
Q948,Tunisia,https://vi.wikipedia.org/wiki/Tunisia,Tunisia,wikidata_direct_country_or_sovereign_state,"[""wikidata_direct_country_or_sovereign_state""]",[],"[""Q6256"", ""Q3624078""]"
Q953,Zambia,https://vi.wikipedia.org/wiki/Zambia,Zambia,wikidata_direct_country_or_sovereign_state,"[""wikidata_direct_country_or_sovereign_state""]",[],"[""Q6256"", ""Q3624078""]"
Q954,Zimbabwe,https://vi.wikipedia.org/wiki/Zimbabwe,Zimbabwe,wikidata_direct_country_or_sovereign_state,"[""wikidata_direct_country_or_sovereign_state""]",[],"[""Q3624078"", ""Q6256""]"
Q958,Nam Sudan,https://vi.wikipedia.org/wiki/Nam_Sudan,South Sudan,wikidata_direct_country_or_sovereign_state,"[""wikidata_direct_country_or_sovereign_state""]",[],"[""Q6256"", ""Q3624078""]"
Q962,Bénin,https://vi.wikipedia.org/wiki/B%C3%A9nin,Benin,wikidata_direct_country_or_sovereign_state,"[""wikidata_direct_country_or_sovereign_state""]",[],"[""Q6256"", ""Q3624078""]"
Q963,Botswana,https://vi.wikipedia.org/wiki/Botswana,Botswana,wikidata_direct_country_or_sovereign_state,"[""wikidata_direct_country_or_sovereign_state""]",[],"[""Q6256"", ""Q3624078""]"
Q965,Burkina Faso,https://vi.wikipedia.org/wiki/Burkina_Faso,Burkina Faso,wikidata_direct_country_or_sovereign_state,"[""wikidata_direct_country_or_sovereign_state""]",[],"[""Q6256"", ""Q3624078""]"
Q967,Burundi,https://vi.wikipedia.org/wiki/Burundi,Burundi,wikidata_direct_country_or_sovereign_state,"[""wikidata_direct_country_or_sovereign_state""]",[],"[""Q6256"", ""Q3624078""]"
Q970,Comoros,https://vi.wikipedia.org/wiki/Comoros,Comoros,wikidata_direct_country_or_sovereign_state,"[""wikidata_direct_country_or_sovereign_state""]",[],"[""Q6256"", ""Q3624078""]"
Q971,Cộng hòa Congo,https://vi.wikipedia.org/wiki/C%E1%BB%99ng_h%C3%B2a_Congo,Republic of the Congo,wikidata_direct_country_or_sovereign_state,"[""wikidata_direct_country_or_sovereign_state""]",[],"[""Q6256"", ""Q3624078""]"
Q974,Cộng hòa Dân chủ Congo,https://vi.wikipedia.org/wiki/C%E1%BB%99ng_h%C3%B2a_D%C3%A2n_ch%E1%BB%A7_Congo,Democratic Republic of the Congo,wikidata_direct_country_or_sovereign_state,"[""wikidata_direct_country_or_sovereign_state""]",[],"[""Q6256"", ""Q3624078""]"
Q977,Djibouti,https://vi.wikipedia.org/wiki/Djibouti,Djibouti,wikidata_direct_country_or_sovereign_state,"[""wikidata_direct_country_or_sovereign_state""]",[],"[""Q6256"", ""Q3624078""]"
Q983,Guinea Xích Đạo,https://vi.wikipedia.org/wiki/Guinea_X%C3%ADch_%C4%90%E1%BA%A1o,Equatorial Guinea,wikidata_direct_country_or_sovereign_state,"[""wikidata_direct_country_or_sovereign_state""]",[],"[""Q6256"", ""Q3624078""]"
Q986,Eritrea,https://vi.wikipedia.org/wiki/Eritrea,Eritrea,wikidata_direct_country_or_sovereign_state,"[""wikidata_direct_country_or_sovereign_state""]",[],"[""Q6256"", ""Q3624078""]"
