wikidata_id,vi_title,decision,reason,replacement_for
Q114,Kenya,include,Direct P31 Q3624078 in saved candidate evidence,
Q115,Ethiopia,include,Direct P31 Q3624078 in saved candidate evidence,
Q117,Ghana,include,Direct P31 Q3624078 in saved candidate evidence,
Q142,Pháp,include,Direct P31 Q3624078 in saved candidate evidence,
Q145,Vương quốc Liên hiệp Anh và Bắc Ireland,include,Direct P31 Q3624078 in saved candidate evidence,
Q148,Trung Quốc,include,Direct P31 Q3624078 in saved candidate evidence,
Q155,Brasil,include,Direct P31 Q3624078 in saved candidate evidence,
Q159,Nga,include,Direct P31 Q3624078 in saved candidate evidence,
Q16,Canada,include,Direct P31 Q3624078 in saved candidate evidence,
Q17,Nhật Bản,include,Direct P31 Q3624078 in saved candidate evidence,
Q183,Đức,include,Direct P31 Q3624078 in saved candidate evidence,
Q184,Belarus,include,Direct P31 Q3624078 in saved candidate evidence,
Q189,Iceland,include,Direct P31 Q3624078 in saved candidate evidence,
Q191,Estonia,include,Direct P31 Q3624078 in saved candidate evidence,
Q20,Na Uy,include,Direct P31 Q3624078 in saved candidate evidence,
Q211,Latvia,include,Direct P31 Q3624078 in saved candidate evidence,
Q212,Ukraina,include,Direct P31 Q3624078 in saved candidate evidence,
Q213,Séc,include,Direct P31 Q3624078 in saved candidate evidence,
Q214,Slovakia,include,Direct P31 Q3624078 in saved candidate evidence,
Q215,Slovenia,include,Direct P31 Q3624078 in saved candidate evidence,
Q217,Moldova,include,Direct P31 Q3624078 in saved candidate evidence,
Q218,România,include,Direct P31 Q3624078 in saved candidate evidence,
Q219,Bulgaria,include,Direct P31 Q3624078 in saved candidate evidence,
Q221,Bắc Macedonia,include,Direct P31 Q3624078 in saved candidate evidence,
Q222,Albania,include,Direct P31 Q3624078 in saved candidate evidence,
Q223,Greenland,exclude,Country-type candidate without direct sovereign-state type; outside this prototype's default dataset scope,
Q224,Croatia,include,Direct P31 Q3624078 in saved candidate evidence,
Q225,Bosna và Hercegovina,include,Direct P31 Q3624078 in saved candidate evidence,
Q227,Azerbaijan,include,Direct P31 Q3624078 in saved candidate evidence,
Q228,Andorra,include,Direct P31 Q3624078 in saved candidate evidence,
Q229,Síp,include,Direct P31 Q3624078 in saved candidate evidence,
Q230,Gruzia,include,Direct P31 Q3624078 in saved candidate evidence,
Q232,Kazakhstan,include,Direct P31 Q3624078 in saved candidate evidence,
Q233,Malta,include,Direct P31 Q3624078 in saved candidate evidence,
Q235,Monaco,include,Direct P31 Q3624078 in saved candidate evidence,
Q236,Montenegro,include,Direct P31 Q3624078 in saved candidate evidence,
Q237,Thành Vatican,include,Direct P31 Q3624078 in saved candidate evidence,
Q238,San Marino,include,Direct P31 Q3624078 in saved candidate evidence,
Q241,Cuba,include,Direct P31 Q3624078 in saved candidate evidence,
Q242,Belize,include,Direct P31 Q3624078 in saved candidate evidence,
Q244,Barbados,include,Direct P31 Q3624078 in saved candidate evidence,
Q252,Indonesia,include,Direct P31 Q3624078 in saved candidate evidence,
Q27,Cộng hòa Ireland,include,Direct P31 Q3624078 in saved candidate evidence,
Q28,Hungary,include,Direct P31 Q3624078 in saved candidate evidence,
Q29,Tây Ban Nha,include,Direct P31 Q3624078 in saved candidate evidence,
Q30,Hoa Kỳ,include,Direct P31 Q3624078 in saved candidate evidence,
Q31,Bỉ,include,Direct P31 Q3624078 in saved candidate evidence,
Q32,Luxembourg,include,Direct P31 Q3624078 in saved candidate evidence,
Q33,Phần Lan,include,Direct P31 Q3624078 in saved candidate evidence,
Q34,Thụy Điển,include,Direct P31 Q3624078 in saved candidate evidence,
Q35,Đan Mạch,include,Canonical country article replacing Q756617: Use the canonical Đan Mạch country article instead of the realm article.,Q756617
Q36,Ba Lan,include,Direct P31 Q3624078 in saved candidate evidence,
Q37,Litva,include,Direct P31 Q3624078 in saved candidate evidence,
Q38,Ý,include,Direct P31 Q3624078 in saved candidate evidence,
Q39,Thụy Sĩ,include,Direct P31 Q3624078 in saved candidate evidence,
Q40,Áo,include,Direct P31 Q3624078 in saved candidate evidence,
Q41,Hy Lạp,include,Direct P31 Q3624078 in saved candidate evidence,
Q43,Thổ Nhĩ Kỳ,include,Direct P31 Q3624078 in saved candidate evidence,
Q45,Bồ Đào Nha,include,Direct P31 Q3624078 in saved candidate evidence,
Q55,Hà Lan,include,Canonical country article replacing Q29999: Use the canonical Hà Lan country article instead of the kingdom article.,Q29999
Q77,Uruguay,include,Direct P31 Q3624078 in saved candidate evidence,
Q79,Ai Cập,include,Direct P31 Q3624078 in saved candidate evidence,
Q96,México,include,Direct P31 Q3624078 in saved candidate evidence,
Q188736,Bosna (vùng),exclude,Country-type candidate without direct sovereign-state type; outside this prototype's default dataset scope,
Q219060,Nhà nước Palestine,include,Direct P31 Q3624078 in saved candidate evidence,
Q756617,Vương quốc Đan Mạch,exclude,Replaced by canonical country article Q35: Use the canonical Đan Mạch country article instead of the realm article.,Q35
Q1000,Gabon,include,Direct P31 Q3624078 in saved candidate evidence,
Q1005,Gambia,include,Direct P31 Q3624078 in saved candidate evidence,
Q1006,Guinée,include,Direct P31 Q3624078 in saved candidate evidence,
Q1007,Guiné-Bissau,include,Direct P31 Q3624078 in saved candidate evidence,
Q1008,Bờ Biển Ngà,include,Direct P31 Q3624078 in saved candidate evidence,
Q1009,Cameroon,include,Direct P31 Q3624078 in saved candidate evidence,
Q1011,Cabo Verde,include,Direct P31 Q3624078 in saved candidate evidence,
Q1013,Lesotho,include,Direct P31 Q3624078 in saved candidate evidence,
Q1014,Liberia,include,Direct P31 Q3624078 in saved candidate evidence,
Q1016,Libya,include,Direct P31 Q3624078 in saved candidate evidence,
Q1019,Madagascar,include,Direct P31 Q3624078 in saved candidate evidence,
Q1020,Malawi,include,Direct P31 Q3624078 in saved candidate evidence,
Q1025,Mauritanie,include,Direct P31 Q3624078 in saved candidate evidence,
Q1027,Mauritius,include,Direct P31 Q3624078 in saved candidate evidence,
Q1028,Maroc,include,Direct P31 Q3624078 in saved candidate evidence,
Q1029,Mozambique,include,Direct P31 Q3624078 in saved candidate evidence,
Q1030,Namibia,include,Direct P31 Q3624078 in saved candidate evidence,
Q1032,Niger,include,Direct P31 Q3624078 in saved candidate evidence,
Q1033,Nigeria,include,Direct P31 Q3624078 in saved candidate evidence,
Q1036,Uganda,include,Direct P31 Q3624078 in saved candidate evidence,
Q1037,Rwanda,include,Direct P31 Q3624078 in saved candidate evidence,
Q1039,São Tomé và Príncipe,include,Direct P31 Q3624078 in saved candidate evidence,
Q1041,Sénégal,include,Direct P31 Q3624078 in saved candidate evidence,
Q1042,Seychelles,include,Direct P31 Q3624078 in saved candidate evidence,
Q1044,Sierra Leone,include,Direct P31 Q3624078 in saved candidate evidence,
Q1045,Somalia,include,Direct P31 Q3624078 in saved candidate evidence,
Q1049,Sudan,include,Direct P31 Q3624078 in saved candidate evidence,
Q1050,Eswatini,include,Direct P31 Q3624078 in saved candidate evidence,
Q1246,Kosovo,include,Direct P31 Q3624078 in saved candidate evidence,
Q21203,Aruba,exclude,Country-type candidate without direct sovereign-state type; outside this prototype's default dataset scope,
Q23681,Bắc Síp,exclude,Country-type candidate without direct sovereign-state type; outside this prototype's default dataset scope,
Q25279,Curaçao,exclude,Country-type candidate without direct sovereign-state type; outside this prototype's default dataset scope,
Q258,Cộng hòa Nam Phi,include,Direct P31 Q3624078 in saved candidate evidence,
Q262,Algérie,include,Direct P31 Q3624078 in saved candidate evidence,
Q26273,Sint Maarten,exclude,Country-type candidate without direct sovereign-state type; outside this prototype's default dataset scope,
Q265,Uzbekistan,include,Direct P31 Q3624078 in saved candidate evidence,
Q26988,Quần đảo Cook,exclude,Country-type candidate without direct sovereign-state type; outside this prototype's default dataset scope,
Q298,Chile,include,Direct P31 Q3624078 in saved candidate evidence,
Q29999,Vương quốc Hà Lan,exclude,Replaced by canonical country article Q55: Use the canonical Hà Lan country article instead of the kingdom article.,Q55
Q334,Singapore,include,Direct P31 Q3624078 in saved candidate evidence,
Q34020,Niue,exclude,Country-type candidate without direct sovereign-state type; outside this prototype's default dataset scope,
Q347,Liechtenstein,include,Direct P31 Q3624078 in saved candidate evidence,
Q34754,Somaliland,exclude,Country-type candidate without direct sovereign-state type; outside this prototype's default dataset scope,
Q398,Bahrain,include,Direct P31 Q3624078 in saved candidate evidence,
Q399,Armenia,include,Direct P31 Q3624078 in saved candidate evidence,
Q403,Serbia,include,Direct P31 Q3624078 in saved candidate evidence,
Q408,Úc,include,Direct P31 Q3624078 in saved candidate evidence,
Q414,Argentina,include,Direct P31 Q3624078 in saved candidate evidence,
Q419,Perú,include,Direct P31 Q3624078 in saved candidate evidence,
Q423,Cộng hòa Dân chủ Nhân dân Triều Tiên,include,Direct P31 Q3624078 in saved candidate evidence,
Q424,Campuchia,include,Direct P31 Q3624078 in saved candidate evidence,
Q574,Đông Timor,include,Direct P31 Q3624078 in saved candidate evidence,
Q657,Tchad,include,Direct P31 Q3624078 in saved candidate evidence,
Q664,New Zealand,include,Direct P31 Q3624078 in saved candidate evidence,
Q668,Ấn Độ,include,Direct P31 Q3624078 in saved candidate evidence,
Q672,Tuvalu,include,Direct P31 Q3624078 in saved candidate evidence,
Q678,Tonga,include,Direct P31 Q3624078 in saved candidate evidence,
Q683,Samoa,include,Direct P31 Q3624078 in saved candidate evidence,
Q685,Quần đảo Solomon,include,Direct P31 Q3624078 in saved candidate evidence,
Q686,Vanuatu,include,Direct P31 Q3624078 in saved candidate evidence,
Q691,Papua New Guinea,include,Direct P31 Q3624078 in saved candidate evidence,
Q695,Palau,include,Direct P31 Q3624078 in saved candidate evidence,
Q697,Nauru,include,Direct P31 Q3624078 in saved candidate evidence,
Q702,Liên bang Micronesia,include,Direct P31 Q3624078 in saved candidate evidence,
Q709,Quần đảo Marshall,include,Direct P31 Q3624078 in saved candidate evidence,
Q710,Kiribati,include,Direct P31 Q3624078 in saved candidate evidence,
Q711,Mông Cổ,include,Direct P31 Q3624078 in saved candidate evidence,
Q712,Fiji,include,Direct P31 Q3624078 in saved candidate evidence,
Q717,Venezuela,include,Direct P31 Q3624078 in saved candidate evidence,
Q730,Suriname,include,Direct P31 Q3624078 in saved candidate evidence,
Q733,Paraguay,include,Direct P31 Q3624078 in saved candidate evidence,
Q734,Guyana,include,Direct P31 Q3624078 in saved candidate evidence,
Q736,Ecuador,include,Direct P31 Q3624078 in saved candidate evidence,
Q739,Colombia,include,Direct P31 Q3624078 in saved candidate evidence,
Q750,Bolivia,include,Direct P31 Q3624078 in saved candidate evidence,
Q754,Trinidad và Tobago,include,Direct P31 Q3624078 in saved candidate evidence,
Q757,Saint Vincent và Grenadines,include,Direct P31 Q3624078 in saved candidate evidence,
Q760,Saint Lucia,include,Direct P31 Q3624078 in saved candidate evidence,
Q763,Saint Kitts và Nevis,include,Direct P31 Q3624078 in saved candidate evidence,
Q766,Jamaica,include,Direct P31 Q3624078 in saved candidate evidence,
Q769,Grenada,include,Direct P31 Q3624078 in saved candidate evidence,
Q774,Guatemala,include,Direct P31 Q3624078 in saved candidate evidence,
Q778,Bahamas,include,Direct P31 Q3624078 in saved candidate evidence,
Q781,Antigua và Barbuda,include,Direct P31 Q3624078 in saved candidate evidence,
Q783,Honduras,include,Direct P31 Q3624078 in saved candidate evidence,
Q784,Dominica,include,Direct P31 Q3624078 in saved candidate evidence,
Q786,Cộng hòa Dominica,include,Direct P31 Q3624078 in saved candidate evidence,
Q790,Haiti,include,Direct P31 Q3624078 in saved candidate evidence,
Q792,El Salvador,include,Direct P31 Q3624078 in saved candidate evidence,
Q794,Iran,include,Direct P31 Q3624078 in saved candidate evidence,
Q796,Iraq,include,Direct P31 Q3624078 in saved candidate evidence,
Q800,Costa Rica,include,Direct P31 Q3624078 in saved candidate evidence,
Q801,Israel,include,Direct P31 Q3624078 in saved candidate evidence,
Q804,Panamá,include,Direct P31 Q3624078 in saved candidate evidence,
Q805,Yemen,include,Direct P31 Q3624078 in saved candidate evidence,
Q810,Jordan,include,Direct P31 Q3624078 in saved candidate evidence,
Q811,Nicaragua,include,Direct P31 Q3624078 in saved candidate evidence,
Q813,Kyrgyzstan,include,Direct P31 Q3624078 in saved candidate evidence,
Q817,Kuwait,include,Direct P31 Q3624078 in saved candidate evidence,
Q819,Lào,include,Direct P31 Q3624078 in saved candidate evidence,
Q822,Liban,include,Direct P31 Q3624078 in saved candidate evidence,
Q826,Maldives,include,Direct P31 Q3624078 in saved candidate evidence,
Q833,Malaysia,include,Direct P31 Q3624078 in saved candidate evidence,
Q836,Myanmar,include,Direct P31 Q3624078 in saved candidate evidence,
Q837,Nepal,include,Direct P31 Q3624078 in saved candidate evidence,
Q842,Oman,include,Direct P31 Q3624078 in saved candidate evidence,
Q843,Pakistan,include,Direct P31 Q3624078 in saved candidate evidence,
Q846,Qatar,include,Direct P31 Q3624078 in saved candidate evidence,
Q851,Ả Rập Xê Út,include,Direct P31 Q3624078 in saved candidate evidence,
Q854,Sri Lanka,include,Direct P31 Q3624078 in saved candidate evidence,
Q858,Syria,include,Direct P31 Q3624078 in saved candidate evidence,
Q863,Tajikistan,include,Direct P31 Q3624078 in saved candidate evidence,
Q865,Đài Loan,include,Direct P31 Q3624078 in saved candidate evidence,
Q869,Thái Lan,include,Direct P31 Q3624078 in saved candidate evidence,
Q874,Turkmenistan,include,Direct P31 Q3624078 in saved candidate evidence,
Q878,Các Tiểu vương quốc Ả Rập Thống nhất,include,Direct P31 Q3624078 in saved candidate evidence,
Q881,Việt Nam,include,Direct P31 Q3624078 in saved candidate evidence,
Q884,Hàn Quốc,include,Direct P31 Q3624078 in saved candidate evidence,
Q889,Afghanistan,include,Direct P31 Q3624078 in saved candidate evidence,
Q902,Bangladesh,include,Direct P31 Q3624078 in saved candidate evidence,
Q912,Mali,include,Direct P31 Q3624078 in saved candidate evidence,
Q916,Angola,include,Direct P31 Q3624078 in saved candidate evidence,
Q917,Bhutan,include,Direct P31 Q3624078 in saved candidate evidence,
Q921,Brunei,include,Direct P31 Q3624078 in saved candidate evidence,
Q924,Tanzania,include,Direct P31 Q3624078 in saved candidate evidence,
Q928,Philippines,include,Direct P31 Q3624078 in saved candidate evidence,
Q929,Cộng hòa Trung Phi,include,Direct P31 Q3624078 in saved candidate evidence,
Q945,Togo,include,Direct P31 Q3624078 in saved candidate evidence,
Q948,Tunisia,include,Direct P31 Q3624078 in saved candidate evidence,
Q953,Zambia,include,Direct P31 Q3624078 in saved candidate evidence,
Q954,Zimbabwe,include,Direct P31 Q3624078 in saved candidate evidence,
Q958,Nam Sudan,include,Direct P31 Q3624078 in saved candidate evidence,
Q962,Bénin,include,Direct P31 Q3624078 in saved candidate evidence,
Q963,Botswana,include,Direct P31 Q3624078 in saved candidate evidence,
Q965,Burkina Faso,include,Direct P31 Q3624078 in saved candidate evidence,
Q967,Burundi,include,Direct P31 Q3624078 in saved candidate evidence,
Q970,Comoros,include,Direct P31 Q3624078 in saved candidate evidence,
Q971,Cộng hòa Congo,include,Direct P31 Q3624078 in saved candidate evidence,
Q974,Cộng hòa Dân chủ Congo,include,Direct P31 Q3624078 in saved candidate evidence,
Q977,Djibouti,include,Direct P31 Q3624078 in saved candidate evidence,
Q983,Guinea Xích Đạo,include,Direct P31 Q3624078 in saved candidate evidence,
Q986,Eritrea,include,Direct P31 Q3624078 in saved candidate evidence,
